station,lat,datetime_utc,pm25 in µg/m^3,lon,city,province,population,area_in_sq.km,density_persons/sqkm
313_Cubao,14.6227,2025-09-30 07:00:00+00:00,19.65199998219808,121.0528,Quezon,NCR,"14,001,751",619.54,"21,765"
313_Cubao,14.6227,2025-09-30 22:00:00+00:00,52.5,121.0528,Quezon,NCR,"14,001,751",619.54,"21,765"
313_Cubao,14.6227,2025-09-30 23:00:00+00:00,41.96568121476607,121.0528,Quezon,NCR,"14,001,751",619.54,"21,765"
313_Cubao,14.6227,2025-10-01 00:00:00+00:00,30.94866681893667,121.0528,Quezon,NCR,"14,001,751",619.54,"21,765"
313_Cubao,14.6227,2025-10-01 01:00:00+00:00,30.113638904359604,121.0528,Quezon,NCR,"14,001,751",619.54,"21,765"
313_Cubao,14.6227,2025-10-01 02:00:00+00:00,21.787083355585736,121.0528,Quezon,NCR,"14,001,751",619.54,"21,765"
313_Cubao,14.6227,2025-10-01 03:00:00+00:00,7.477499997946952,121.0528,Quezon,NCR,"14,001,751",619.54,"21,765"
313_Cubao,14.6227,2025-10-01 04:00:00+00:00,0.033333333581686,121.0528,Quezon,NCR,"14,001,751",619.54,"21,765"
3S Center Bagbaguin,14.71405,2025-06-19 18:01:39+00:00,11.12,121.00088,Valenzuela,NCR,"14,001,751",619.54,"21,765"
3S Center Bagbaguin,14.71405,2025-06-19 18:18:38+00:00,14.86,121.00088,Valenzuela,NCR,"14,001,751",619.54,"21,765"
3S Center Bagbaguin,14.71405,2025-06-19 18:35:37+00:00,22.88,121.00088,Valenzuela,NCR,"14,001,751",619.54,"21,765"
3S Center Bagbaguin,14.71405,2025-06-19 18:52:37+00:00,13.29,121.00088,Valenzuela,NCR,"14,001,751",619.54,"21,765"
3S Center Bagbaguin,14.71405,2025-06-19 20:00:36+00:00,20.29,121.00088,Valenzuela,NCR,"14,001,751",619.54,"21,765"
3S Center Bagbaguin,14.71405,2025-06-19 20:17:35+00:00,20.64,121.00088,Valenzuela,NCR,"14,001,751",619.54,"21,765"
3S Center Bagbaguin,14.71405,2025-06-19 20:34:35+00:00,20.03,121.00088,Valenzuela,NCR,"14,001,751",619.54,"21,765"
3S Center Bagbaguin,14.71405,2025-06-19 20:51:34+00:00,18.58,121.00088,Valenzuela,NCR,"14,001,751",619.54,"21,765"
3S Center Bagbaguin,14.71405,2025-06-19 21:59:31+00:00,27.59,121.00088,Valenzuela,NCR,"14,001,751",619.54,"21,765"
3S Center Bagbaguin,14.71405,2025-06-19 22:16:30+00:00,25.77,121.00088,Valenzuela,NCR,"14,001,751",619.54,"21,765"
3S Center Bagbaguin,14.71405,2025-06-19 22:33:29+00:00,32.79,121.00088,Valenzuela,NCR,"14,001,751",619.54,"21,765"
3S Center Bagbaguin,14.71405,2025-06-19 22:50:28+00:00,36.71,121.00088,Valenzuela,NCR,"14,001,751",619.54,"21,765"
3S Center Bagbaguin,14.71405,2025-06-19 23:07:27+00:00,34.46,121.00088,Valenzuela,NCR,"14,001,751",619.54,"21,765"
3S Center Bagbaguin,14.71405,2025-06-19 23:24:27+00:00,35.53,121.00088,Valenzuela,NCR,"14,001,751",619.54,"21,765"
3S Center Bagbaguin,14.71405,2025-06-19 23:41:26+00:00,33.87,121.00088,Valenzuela,NCR,"14,001,751",619.54,"21,765"
3S Center Bagbaguin,14.71405,2025-06-19 23:58:25+00:00,32.75,121.00088,Valenzuela,NCR,"14,001,751",619.54,"21,765"
3S Center Bagbaguin,14.71405,2025-06-20 00:15:23+00:00,31.59,121.00088,Valenzuela,NCR,"14,001,751",619.54,"21,765"
3S Center Bagbaguin,14.71405,2025-06-20 00:32:22+00:00,24.7,121.00088,Valenzuela,NCR,"14,001,751",619.54,"21,765"
3S Center Bagbaguin,14.71405,2025-06-20 00:49:21+00:00,16.54,121.00088,Valenzuela,NCR,"14,001,751",619.54,"21,765"
3S Center Bagbaguin,14.71405,2025-06-20 01:06:20+00:00,9.47,121.00088,Valenzuela,NCR,"14,001,751",619.54,"21,765"
3S Center Bagbaguin,14.71405,2025-06-20 01:23:19+00:00,14.69,121.00088,Valenzuela,NCR,"14,001,751",619.54,"21,765"
3S Center Bagbaguin,14.71405,2025-06-20 01:40:18+00:00,15.96,121.00088,Valenzuela,NCR,"14,001,751",619.54,"21,765"
3S Center Bagbaguin,14.71405,2025-06-20 01:57:17+00:00,11.12,121.00088,Valenzuela,NCR,"14,001,751",619.54,"21,765"
3S Center Bagbaguin,14.71405,2025-06-20 02:14:15+00:00,12.17,121.00088,Valenzuela,NCR,"14,001,751",619.54,"21,765"
3S Center Bagbaguin,14.71405,2025-06-20 02:31:14+00:00,13.96,121.00088,Valenzuela,NCR,"14,001,751",619.54,"21,765"
3S Center Bagbaguin,14.71405,2025-06-20 02:48:12+00:00,19.1,121.00088,Valenzuela,NCR,"14,001,751",619.54,"21,765"
3S Center Bagbaguin,14.71405,2025-06-20 03:05:11+00:00,20.38,121.00088,Valenzuela,NCR,"14,001,751",619.54,"21,765"
3S Center Bagbaguin,14.71405,2025-06-20 03:22:13+00:00,33.34,121.00088,Valenzuela,NCR,"14,001,751",619.54,"21,765"
3S Center Bagbaguin,14.71405,2025-06-20 03:39:11+00:00,58.74,121.00088,Valenzuela,NCR,"14,001,751",619.54,"21,765"
3S Center Bagbaguin,14.71405,2025-06-20 03:56:10+00:00,55.47,121.00088,Valenzuela,NCR,"14,001,751",619.54,"21,765"
3S Center Bagbaguin,14.71405,2025-06-20 04:13:09+00:00,58.13,121.00088,Valenzuela,NCR,"14,001,751",619.54,"21,765"
3S Center Bagbaguin,14.71405,2025-06-20 04:30:08+00:00,42.37,121.00088,Valenzuela,NCR,"14,001,751",619.54,"21,765"
3S Center Bagbaguin,14.71405,2025-06-20 04:47:06+00:00,24.53,121.00088,Valenzuela,NCR,"14,001,751",619.54,"21,765"
3S Center Bagbaguin,14.71405,2025-06-20 06:03:22+00:00,40.68,121.00088,Valenzuela,NCR,"14,001,751",619.54,"21,765"
3S Center Bagbaguin,14.71405,2025-06-20 06:38:31+00:00,36.88,121.00088,Valenzuela,NCR,"14,001,751",619.54,"21,765"
3S Center Bagbaguin,14.71405,2025-06-20 06:55:42+00:00,46.99,121.00088,Valenzuela,NCR,"14,001,751",619.54,"21,765"
3S Center Bagbaguin,14.71405,2025-06-20 08:55:44+00:00,20.31,121.00088,Valenzuela,NCR,"14,001,751",619.54,"21,765"
3S Center Bagbaguin,14.71405,2025-06-20 09:12:45+00:00,28.97,121.00088,Valenzuela,NCR,"14,001,751",619.54,"21,765"
3S Center Bagbaguin,14.71405,2025-06-20 09:29:44+00:00,30.07,121.00088,Valenzuela,NCR,"14,001,751",619.54,"21,765"
3S Center Bagbaguin,14.71405,2025-06-20 09:46:43+00:00,36.24,121.00088,Valenzuela,NCR,"14,001,751",619.54,"21,765"
3S Center Bagbaguin,14.71405,2025-06-20 14:01:38+00:00,14.91,121.00088,Valenzuela,NCR,"14,001,751",619.54,"21,765"
3S Center Bagbaguin,14.71405,2025-06-20 14:18:40+00:00,19.23,121.00088,Valenzuela,NCR,"14,001,751",619.54,"21,765"
3S Center Bagbaguin,14.71405,2025-06-20 14:35:39+00:00,24.85,121.00088,Valenzuela,NCR,"14,001,751",619.54,"21,765"
3S Center Bagbaguin,14.71405,2025-06-20 14:52:38+00:00,30.71,121.00088,Valenzuela,NCR,"14,001,751",619.54,"21,765"
3S Center Bagbaguin,14.71405,2025-06-20 16:00:34+00:00,28.91,121.00088,Valenzuela,NCR,"14,001,751",619.54,"21,765"
3S Center Bagbaguin,14.71405,2025-06-20 16:17:33+00:00,22.37,121.00088,Valenzuela,NCR,"14,001,751",619.54,"21,765"
3S Center Bagbaguin,14.71405,2025-06-20 16:34:32+00:00,20.92,121.00088,Valenzuela,NCR,"14,001,751",619.54,"21,765"
3S Center Bagbaguin,14.71405,2025-06-20 16:51:34+00:00,21.5,121.00088,Valenzuela,NCR,"14,001,751",619.54,"21,765"
3S Center Bagbaguin,14.71405,2025-06-20 17:59:37+00:00,27.16,121.00088,Valenzuela,NCR,"14,001,751",619.54,"21,765"
3S Center Bagbaguin,14.71405,2025-06-20 18:16:36+00:00,26.09,121.00088,Valenzuela,NCR,"14,001,751",619.54,"21,765"
3S Center Bagbaguin,14.71405,2025-06-20 18:33:36+00:00,23.8,121.00088,Valenzuela,NCR,"14,001,751",619.54,"21,765"
3S Center Bagbaguin,14.71405,2025-06-20 18:50:35+00:00,20.54,121.00088,Valenzuela,NCR,"14,001,751",619.54,"21,765"
3S Center Bagbaguin,14.71405,2025-06-20 19:07:37+00:00,24.04,121.00088,Valenzuela,NCR,"14,001,751",619.54,"21,765"
3S Center Bagbaguin,14.71405,2025-06-20 19:24:36+00:00,25.36,121.00088,Valenzuela,NCR,"14,001,751",619.54,"21,765"
3S Center Bagbaguin,14.71405,2025-06-20 19:41:38+00:00,28.48,121.00088,Valenzuela,NCR,"14,001,751",619.54,"21,765"
3S Center Bagbaguin,14.71405,2025-06-20 19:58:38+00:00,29.85,121.00088,Valenzuela,NCR,"14,001,751",619.54,"21,765"
3S Center Bagbaguin,14.71405,2025-06-20 21:06:35+00:00,26.81,121.00088,Valenzuela,NCR,"14,001,751",619.54,"21,765"
3S Center Bagbaguin,14.71405,2025-06-20 21:23:34+00:00,27.91,121.00088,Valenzuela,NCR,"14,001,751",619.54,"21,765"
3S Center Bagbaguin,14.71405,2025-06-20 21:40:36+00:00,23.09,121.00088,Valenzuela,NCR,"14,001,751",619.54,"21,765"
3S Center Bagbaguin,14.71405,2025-06-20 21:57:35+00:00,33.24,121.00088,Valenzuela,NCR,"14,001,751",619.54,"21,765"
3S Center Bagbaguin,14.71405,2025-06-20 22:14:34+00:00,27.61,121.00088,Valenzuela,NCR,"14,001,751",619.54,"21,765"
3S Center Bagbaguin,14.71405,2025-06-20 22:31:33+00:00,25.86,121.00088,Valenzuela,NCR,"14,001,751",619.54,"21,765"
3S Center Bagbaguin,14.71405,2025-06-20 22:48:35+00:00,30.85,121.00088,Valenzuela,NCR,"14,001,751",619.54,"21,765"
3S Center Bagbaguin,14.71405,2025-06-20 23:05:34+00:00,24.78,121.00088,Valenzuela,NCR,"14,001,751",619.54,"21,765"
3S Center Bagbaguin,14.71405,2025-06-20 23:22:33+00:00,22.99,121.00088,Valenzuela,NCR,"14,001,751",619.54,"21,765"
3S Center Bagbaguin,14.71405,2025-06-20 23:39:32+00:00,20.14,121.00088,Valenzuela,NCR,"14,001,751",619.54,"21,765"
3S Center Bagbaguin,14.71405,2025-06-20 23:56:34+00:00,27.09,121.00088,Valenzuela,NCR,"14,001,751",619.54,"21,765"
3S Center Bagbaguin,14.71405,2025-06-21 00:13:32+00:00,24.78,121.00088,Valenzuela,NCR,"14,001,751",619.54,"21,765"
3S Center Bagbaguin,14.71405,2025-06-21 00:30:34+00:00,21.63,121.00088,Valenzuela,NCR,"14,001,751",619.54,"21,765"
3S Center Bagbaguin,14.71405,2025-06-21 00:47:37+00:00,14.36,121.00088,Valenzuela,NCR,"14,001,751",619.54,"21,765"
3S Center Bagbaguin,14.71405,2025-06-21 03:03:23+00:00,14.72,121.00088,Valenzuela,NCR,"14,001,751",619.54,"21,765"
3S Center Bagbaguin,14.71405,2025-06-21 03:20:25+00:00,16.78,121.00088,Valenzuela,NCR,"14,001,751",619.54,"21,765"
3S Center Bagbaguin,14.71405,2025-06-21 03:37:23+00:00,19.04,121.00088,Valenzuela,NCR,"14,001,751",619.54,"21,765"
3S Center Bagbaguin,14.71405,2025-06-21 03:54:25+00:00,16.88,121.00088,Valenzuela,NCR,"14,001,751",619.54,"21,765"
3S Center Bagbaguin,14.71405,2025-06-21 05:02:21+00:00,16.0,121.00088,Valenzuela,NCR,"14,001,751",619.54,"21,765"
3S Center Bagbaguin,14.71405,2025-06-21 05:19:20+00:00,13.49,121.00088,Valenzuela,NCR,"14,001,751",619.54,"21,765"
3S Center Bagbaguin,14.71405,2025-06-21 05:36:19+00:00,22.5,121.00088,Valenzuela,NCR,"14,001,751",619.54,"21,765"
3S Center Bagbaguin,14.71405,2025-06-21 05:53:17+00:00,14.53,121.00088,Valenzuela,NCR,"14,001,751",619.54,"21,765"
3S Center Bagbaguin,14.71405,2025-06-21 06:10:15+00:00,22.56,121.00088,Valenzuela,NCR,"14,001,751",619.54,"21,765"
3S Center Bagbaguin,14.71405,2025-06-21 06:27:14+00:00,27.46,121.00088,Valenzuela,NCR,"14,001,751",619.54,"21,765"
3S Center Bagbaguin,14.71405,2025-06-21 06:44:13+00:00,19.87,121.00088,Valenzuela,NCR,"14,001,751",619.54,"21,765"
3S Center Bagbaguin,14.71405,2025-06-21 07:01:12+00:00,16.81,121.00088,Valenzuela,NCR,"14,001,751",619.54,"21,765"
3S Center Bagbaguin,14.71405,2025-06-21 07:18:10+00:00,20.57,121.00088,Valenzuela,NCR,"14,001,751",619.54,"21,765"
3S Center Bagbaguin,14.71405,2025-06-21 07:35:09+00:00,21.36,121.00088,Valenzuela,NCR,"14,001,751",619.54,"21,765"
3S Center Bagbaguin,14.71405,2025-06-21 07:52:10+00:00,26.34,121.00088,Valenzuela,NCR,"14,001,751",619.54,"21,765"
3S Center Bagbaguin,14.71405,2025-06-21 08:09:12+00:00,24.83,121.00088,Valenzuela,NCR,"14,001,751",619.54,"21,765"
3S Center Bagbaguin,14.71405,2025-06-21 08:26:10+00:00,28.31,121.00088,Valenzuela,NCR,"14,001,751",619.54,"21,765"
3S Center Bagbaguin,14.71405,2025-06-21 08:43:09+00:00,24.12,121.00088,Valenzuela,NCR,"14,001,751",619.54,"21,765"
3S Center Bagbaguin,14.71405,2025-06-21 09:00:08+00:00,12.67,121.00088,Valenzuela,NCR,"14,001,751",619.54,"21,765"
3S Center Bagbaguin,14.71405,2025-06-21 09:17:07+00:00,15.37,121.00088,Valenzuela,NCR,"14,001,751",619.54,"21,765"
3S Center Bagbaguin,14.71405,2025-06-21 09:34:09+00:00,16.15,121.00088,Valenzuela,NCR,"14,001,751",619.54,"21,765"
3S Center Bagbaguin,14.71405,2025-06-21 09:51:09+00:00,17.04,121.00088,Valenzuela,NCR,"14,001,751",619.54,"21,765"
3S Center Bagbaguin,14.71405,2025-06-21 10:08:08+00:00,14.12,121.00088,Valenzuela,NCR,"14,001,751",619.54,"21,765"
3S Center Bagbaguin,14.71405,2025-06-21 10:25:10+00:00,17.95,121.00088,Valenzuela,NCR,"14,001,751",619.54,"21,765"
3S Center Bagbaguin,14.71405,2025-06-21 10:42:09+00:00,24.13,121.00088,Valenzuela,NCR,"14,001,751",619.54,"21,765"
3S Center Bagbaguin,14.71405,2025-06-21 10:59:08+00:00,29.83,121.00088,Valenzuela,NCR,"14,001,751",619.54,"21,765"
3S Center Bagbaguin,14.71405,2025-06-21 11:16:10+00:00,54.52,121.00088,Valenzuela,NCR,"14,001,751",619.54,"21,765"
3S Center Bagbaguin,14.71405,2025-06-21 11:33:08+00:00,57.62,121.00088,Valenzuela,NCR,"14,001,751",619.54,"21,765"
3S Center Bagbaguin,14.71405,2025-06-21 11:50:07+00:00,41.89,121.00088,Valenzuela,NCR,"14,001,751",619.54,"21,765"
3S Center Bagbaguin,14.71405,2025-06-21 12:07:06+00:00,32.59,121.00088,Valenzuela,NCR,"14,001,751",619.54,"21,765"
3S Center Bagbaguin,14.71405,2025-06-21 12:24:05+00:00,28.69,121.00088,Valenzuela,NCR,"14,001,751",619.54,"21,765"
3S Center Bagbaguin,14.71405,2025-06-21 12:41:03+00:00,27.09,121.00088,Valenzuela,NCR,"14,001,751",619.54,"21,765"
3S Center Bagbaguin,14.71405,2025-06-21 12:58:02+00:00,28.2,121.00088,Valenzuela,NCR,"14,001,751",619.54,"21,765"
3S Center Bagbaguin,14.71405,2025-06-21 13:15:01+00:00,33.64,121.00088,Valenzuela,NCR,"14,001,751",619.54,"21,765"
3S Center Bagbaguin,14.71405,2025-06-21 13:32:00+00:00,40.41,121.00088,Valenzuela,NCR,"14,001,751",619.54,"21,765"
3S Center Bagbaguin,14.71405,2025-06-21 13:48:59+00:00,26.66,121.00088,Valenzuela,NCR,"14,001,751",619.54,"21,765"
3S Center Bagbaguin,14.71405,2025-06-21 14:05:58+00:00,40.7,121.00088,Valenzuela,NCR,"14,001,751",619.54,"21,765"
3S Center Bagbaguin,14.71405,2025-06-21 14:23:03+00:00,28.39,121.00088,Valenzuela,NCR,"14,001,751",619.54,"21,765"
3S Center Bagbaguin,14.71405,2025-06-21 14:40:02+00:00,34.54,121.00088,Valenzuela,NCR,"14,001,751",619.54,"21,765"
3S Center Bagbaguin,14.71405,2025-06-21 14:57:00+00:00,26.26,121.00088,Valenzuela,NCR,"14,001,751",619.54,"21,765"
3S Center Bagbaguin,14.71405,2025-06-21 15:13:59+00:00,26.27,121.00088,Valenzuela,NCR,"14,001,751",619.54,"21,765"
3S Center Bagbaguin,14.71405,2025-06-21 15:30:58+00:00,25.77,121.00088,Valenzuela,NCR,"14,001,751",619.54,"21,765"
3S Center Bagbaguin,14.71405,2025-06-21 15:47:57+00:00,24.42,121.00088,Valenzuela,NCR,"14,001,751",619.54,"21,765"
3S Center Bagbaguin,14.71405,2025-06-21 16:04:59+00:00,27.31,121.00088,Valenzuela,NCR,"14,001,751",619.54,"21,765"
3S Center Bagbaguin,14.71405,2025-06-21 16:21:57+00:00,27.81,121.00088,Valenzuela,NCR,"14,001,751",619.54,"21,765"
3S Center Bagbaguin,14.71405,2025-06-21 16:38:56+00:00,31.24,121.00088,Valenzuela,NCR,"14,001,751",619.54,"21,765"
3S Center Bagbaguin,14.71405,2025-06-21 16:55:58+00:00,40.29,121.00088,Valenzuela,NCR,"14,001,751",619.54,"21,765"
3S Center Bagbaguin,14.71405,2025-06-21 17:12:57+00:00,53.67,121.00088,Valenzuela,NCR,"14,001,751",619.54,"21,765"
3S Center Bagbaguin,14.71405,2025-06-21 17:29:56+00:00,49.73,121.00088,Valenzuela,NCR,"14,001,751",619.54,"21,765"
3S Center Bagbaguin,14.71405,2025-06-21 17:46:54+00:00,58.73,121.00088,Valenzuela,NCR,"14,001,751",619.54,"21,765"
3S Center Bagbaguin,14.71405,2025-06-21 18:03:57+00:00,54.47,121.00088,Valenzuela,NCR,"14,001,751",619.54,"21,765"
3S Center Bagbaguin,14.71405,2025-06-21 18:20:56+00:00,61.33,121.00088,Valenzuela,NCR,"14,001,751",619.54,"21,765"
3S Center Bagbaguin,14.71405,2025-06-21 18:37:58+00:00,60.84,121.00088,Valenzuela,NCR,"14,001,751",619.54,"21,765"
3S Center Bagbaguin,14.71405,2025-06-21 18:54:57+00:00,53.87,121.00088,Valenzuela,NCR,"14,001,751",619.54,"21,765"
3S Center Bagbaguin,14.71405,2025-06-21 19:11:59+00:00,34.34,121.00088,Valenzuela,NCR,"14,001,751",619.54,"21,765"
3S Center Bagbaguin,14.71405,2025-06-21 19:28:58+00:00,49.67,121.00088,Valenzuela,NCR,"14,001,751",619.54,"21,765"
3S Center Bagbaguin,14.71405,2025-06-21 19:45:57+00:00,51.68,121.00088,Valenzuela,NCR,"14,001,751",619.54,"21,765"
3S Center Bagbaguin,14.71405,2025-06-21 20:02:56+00:00,62.28,121.00088,Valenzuela,NCR,"14,001,751",619.54,"21,765"
3S Center Bagbaguin,14.71405,2025-06-21 20:19:55+00:00,57.97,121.00088,Valenzuela,NCR,"14,001,751",619.54,"21,765"
3S Center Bagbaguin,14.71405,2025-06-21 20:36:58+00:00,42.74,121.00088,Valenzuela,NCR,"14,001,751",619.54,"21,765"
3S Center Bagbaguin,14.71405,2025-06-21 20:53:57+00:00,43.8,121.00088,Valenzuela,NCR,"14,001,751",619.54,"21,765"
3S Center Bagbaguin,14.71405,2025-06-21 21:10:56+00:00,34.89,121.00088,Valenzuela,NCR,"14,001,751",619.54,"21,765"
3S Center Bagbaguin,14.71405,2025-06-21 21:27:58+00:00,49.81,121.00088,Valenzuela,NCR,"14,001,751",619.54,"21,765"
3S Center Bagbaguin,14.71405,2025-06-21 21:44:57+00:00,51.02,121.00088,Valenzuela,NCR,"14,001,751",619.54,"21,765"
3S Center Bagbaguin,14.71405,2025-06-21 22:01:56+00:00,45.63,121.00088,Valenzuela,NCR,"14,001,751",619.54,"21,765"
3S Center Bagbaguin,14.71405,2025-06-21 22:18:59+00:00,52.77,121.00088,Valenzuela,NCR,"14,001,751",619.54,"21,765"
3S Center Bagbaguin,14.71405,2025-06-21 22:36:01+00:00,45.55,121.00088,Valenzuela,NCR,"14,001,751",619.54,"21,765"
3S Center Bagbaguin,14.71405,2025-06-21 22:53:00+00:00,31.45,121.00088,Valenzuela,NCR,"14,001,751",619.54,"21,765"
3S Center Bagbaguin,14.71405,2025-06-21 23:09:59+00:00,34.36,121.00088,Valenzuela,NCR,"14,001,751",619.54,"21,765"
3S Center Bagbaguin,14.71405,2025-06-21 23:26:58+00:00,34.45,121.00088,Valenzuela,NCR,"14,001,751",619.54,"21,765"
3S Center Bagbaguin,14.71405,2025-06-21 23:43:57+00:00,36.71,121.00088,Valenzuela,NCR,"14,001,751",619.54,"21,765"
3S Center Bagbaguin,14.71405,2025-06-22 00:00:59+00:00,30.5,121.00088,Valenzuela,NCR,"14,001,751",619.54,"21,765"
3S Center Bagbaguin,14.71405,2025-06-22 00:18:01+00:00,49.87,121.00088,Valenzuela,NCR,"14,001,751",619.54,"21,765"
3S Center Bagbaguin,14.71405,2025-06-22 00:35:00+00:00,40.63,121.00088,Valenzuela,NCR,"14,001,751",619.54,"21,765"
3S Center Bagbaguin,14.71405,2025-06-22 00:52:00+00:00,34.05,121.00088,Valenzuela,NCR,"14,001,751",619.54,"21,765"
3S Center Bagbaguin,14.71405,2025-06-22 01:09:02+00:00,38.55,121.00088,Valenzuela,NCR,"14,001,751",619.54,"21,765"
3S Center Bagbaguin,14.71405,2025-06-22 01:26:01+00:00,33.84,121.00088,Valenzuela,NCR,"14,001,751",619.54,"21,765"
3S Center Bagbaguin,14.71405,2025-06-22 01:42:59+00:00,31.71,121.00088,Valenzuela,NCR,"14,001,751",619.54,"21,765"
3S Center Bagbaguin,14.71405,2025-06-22 01:59:58+00:00,27.29,121.00088,Valenzuela,NCR,"14,001,751",619.54,"21,765"
3S Center Bagbaguin,14.71405,2025-06-22 02:17:00+00:00,21.37,121.00088,Valenzuela,NCR,"14,001,751",619.54,"21,765"
3S Center Bagbaguin,14.71405,2025-06-22 02:33:58+00:00,23.5,121.00088,Valenzuela,NCR,"14,001,751",619.54,"21,765"
3S Center Bagbaguin,14.71405,2025-06-22 02:50:57+00:00,21.33,121.00088,Valenzuela,NCR,"14,001,751",619.54,"21,765"
3S Center Bagbaguin,14.71405,2025-06-22 03:07:58+00:00,23.66,121.00088,Valenzuela,NCR,"14,001,751",619.54,"21,765"
3S Center Bagbaguin,14.71405,2025-06-22 03:24:57+00:00,25.49,121.00088,Valenzuela,NCR,"14,001,751",619.54,"21,765"
3S Center Bagbaguin,14.71405,2025-06-22 03:41:59+00:00,23.42,121.00088,Valenzuela,NCR,"14,001,751",619.54,"21,765"
3S Center Bagbaguin,14.71405,2025-06-22 03:58:57+00:00,25.29,121.00088,Valenzuela,NCR,"14,001,751",619.54,"21,765"
3S Center Bagbaguin,14.71405,2025-06-22 04:15:59+00:00,23.37,121.00088,Valenzuela,NCR,"14,001,751",619.54,"21,765"
3S Center Bagbaguin,14.71405,2025-06-22 04:32:57+00:00,22.28,121.00088,Valenzuela,NCR,"14,001,751",619.54,"21,765"
3S Center Bagbaguin,14.71405,2025-06-22 04:49:56+00:00,20.03,121.00088,Valenzuela,NCR,"14,001,751",619.54,"21,765"
3S Center Bagbaguin,14.71405,2025-06-22 05:06:54+00:00,21.74,121.00088,Valenzuela,NCR,"14,001,751",619.54,"21,765"
3S Center Bagbaguin,14.71405,2025-06-22 05:23:53+00:00,21.42,121.00088,Valenzuela,NCR,"14,001,751",619.54,"21,765"
3S Center Bagbaguin,14.71405,2025-06-22 05:40:54+00:00,21.12,121.00088,Valenzuela,NCR,"14,001,751",619.54,"21,765"
3S Center Bagbaguin,14.71405,2025-06-22 05:57:53+00:00,23.58,121.00088,Valenzuela,NCR,"14,001,751",619.54,"21,765"
3S Center Bagbaguin,14.71405,2025-06-22 06:14:51+00:00,23.8,121.00088,Valenzuela,NCR,"14,001,751",619.54,"21,765"
3S Center Bagbaguin,14.71405,2025-06-22 06:31:50+00:00,10.25,121.00088,Valenzuela,NCR,"14,001,751",619.54,"21,765"
3S Center Bagbaguin,14.71405,2025-06-22 06:48:54+00:00,12.14,121.00088,Valenzuela,NCR,"14,001,751",619.54,"21,765"
3S Center Bagbaguin,14.71405,2025-06-22 07:05:53+00:00,14.03,121.00088,Valenzuela,NCR,"14,001,751",619.54,"21,765"
3S Center Bagbaguin,14.71405,2025-06-22 07:22:52+00:00,7.76,121.00088,Valenzuela,NCR,"14,001,751",619.54,"21,765"
3S Center Bagbaguin,14.71405,2025-06-22 07:39:54+00:00,16.74,121.00088,Valenzuela,NCR,"14,001,751",619.54,"21,765"
3S Center Bagbaguin,14.71405,2025-06-22 07:56:53+00:00,16.86,121.00088,Valenzuela,NCR,"14,001,751",619.54,"21,765"
3S Center Bagbaguin,14.71405,2025-06-22 08:13:56+00:00,29.16,121.00088,Valenzuela,NCR,"14,001,751",619.54,"21,765"
3S Center Bagbaguin,14.71405,2025-06-22 08:30:55+00:00,31.84,121.00088,Valenzuela,NCR,"14,001,751",619.54,"21,765"
3S Center Bagbaguin,14.71405,2025-06-22 08:47:57+00:00,21.46,121.00088,Valenzuela,NCR,"14,001,751",619.54,"21,765"
3S Center Bagbaguin,14.71405,2025-06-22 09:04:59+00:00,15.79,121.00088,Valenzuela,NCR,"14,001,751",619.54,"21,765"
3S Center Bagbaguin,14.71405,2025-06-22 09:21:58+00:00,18.31,121.00088,Valenzuela,NCR,"14,001,751",619.54,"21,765"
3S Center Bagbaguin,14.71405,2025-06-22 09:39:00+00:00,23.42,121.00088,Valenzuela,NCR,"14,001,751",619.54,"21,765"
3S Center Bagbaguin,14.71405,2025-06-22 09:55:59+00:00,16.63,121.00088,Valenzuela,NCR,"14,001,751",619.54,"21,765"
3S Center Bagbaguin,14.71405,2025-06-22 10:13:01+00:00,29.32,121.00088,Valenzuela,NCR,"14,001,751",619.54,"21,765"
3S Center Bagbaguin,14.71405,2025-06-22 10:30:00+00:00,18.87,121.00088,Valenzuela,NCR,"14,001,751",619.54,"21,765"
3S Center Bagbaguin,14.71405,2025-06-22 10:46:59+00:00,22.94,121.00088,Valenzuela,NCR,"14,001,751",619.54,"21,765"
3S Center Bagbaguin,14.71405,2025-06-22 12:11:54+00:00,27.57,121.00088,Valenzuela,NCR,"14,001,751",619.54,"21,765"
3S Center Bagbaguin,14.71405,2025-06-22 12:28:57+00:00,30.12,121.00088,Valenzuela,NCR,"14,001,751",619.54,"21,765"
3S Center Bagbaguin,14.71405,2025-06-22 12:45:56+00:00,30.15,121.00088,Valenzuela,NCR,"14,001,751",619.54,"21,765"
3S Center Bagbaguin,14.71405,2025-06-22 13:02:55+00:00,32.61,121.00088,Valenzuela,NCR,"14,001,751",619.54,"21,765"
3S Center Bagbaguin,14.71405,2025-06-22 13:19:54+00:00,29.71,121.00088,Valenzuela,NCR,"14,001,751",619.54,"21,765"
3S Center Bagbaguin,14.71405,2025-06-22 13:36:53+00:00,35.14,121.00088,Valenzuela,NCR,"14,001,751",619.54,"21,765"
3S Center Bagbaguin,14.71405,2025-06-22 13:53:53+00:00,38.04,121.00088,Valenzuela,NCR,"14,001,751",619.54,"21,765"
3S Center Bagbaguin,14.71405,2025-06-22 14:10:52+00:00,38.21,121.00088,Valenzuela,NCR,"14,001,751",619.54,"21,765"
3S Center Bagbaguin,14.71405,2025-06-22 14:27:54+00:00,48.56,121.00088,Valenzuela,NCR,"14,001,751",619.54,"21,765"
3S Center Bagbaguin,14.71405,2025-06-22 14:44:56+00:00,35.21,121.00088,Valenzuela,NCR,"14,001,751",619.54,"21,765"
3S Center Bagbaguin,14.71405,2025-06-22 15:02:01+00:00,29.57,121.00088,Valenzuela,NCR,"14,001,751",619.54,"21,765"
3S Center Bagbaguin,14.71405,2025-06-22 16:10:01+00:00,34.56,121.00088,Valenzuela,NCR,"14,001,751",619.54,"21,765"
3S Center Bagbaguin,14.71405,2025-06-22 16:27:00+00:00,31.07,121.00088,Valenzuela,NCR,"14,001,751",619.54,"21,765"
3S Center Bagbaguin,14.71405,2025-06-22 16:44:00+00:00,27.51,121.00088,Valenzuela,NCR,"14,001,751",619.54,"21,765"
3S Center Bagbaguin,14.71405,2025-06-22 17:00:59+00:00,29.82,121.00088,Valenzuela,NCR,"14,001,751",619.54,"21,765"
3S Center Bagbaguin,14.71405,2025-06-22 17:18:01+00:00,35.43,121.00088,Valenzuela,NCR,"14,001,751",619.54,"21,765"
3S Center Bagbaguin,14.71405,2025-06-22 17:35:00+00:00,43.77,121.00088,Valenzuela,NCR,"14,001,751",619.54,"21,765"
3S Center Bagbaguin,14.71405,2025-06-22 17:51:59+00:00,36.86,121.00088,Valenzuela,NCR,"14,001,751",619.54,"21,765"
3S Center Bagbaguin,14.71405,2025-06-22 18:08:58+00:00,28.85,121.00088,Valenzuela,NCR,"14,001,751",619.54,"21,765"
3S Center Bagbaguin,14.71405,2025-06-22 18:25:57+00:00,25.42,121.00088,Valenzuela,NCR,"14,001,751",619.54,"21,765"
3S Center Bagbaguin,14.71405,2025-06-22 18:42:57+00:00,29.57,121.00088,Valenzuela,NCR,"14,001,751",619.54,"21,765"
3S Center Bagbaguin,14.71405,2025-06-22 18:59:59+00:00,43.62,121.00088,Valenzuela,NCR,"14,001,751",619.54,"21,765"
3S Center Bagbaguin,14.71405,2025-06-22 20:08:02+00:00,21.71,121.00088,Valenzuela,NCR,"14,001,751",619.54,"21,765"
3S Center Bagbaguin,14.71405,2025-06-22 20:25:01+00:00,19.99,121.00088,Valenzuela,NCR,"14,001,751",619.54,"21,765"
3S Center Bagbaguin,14.71405,2025-06-22 20:42:00+00:00,19.7,121.00088,Valenzuela,NCR,"14,001,751",619.54,"21,765"
3S Center Bagbaguin,14.71405,2025-06-22 20:58:59+00:00,20.14,121.00088,Valenzuela,NCR,"14,001,751",619.54,"21,765"
3S Center Bagbaguin,14.71405,2025-06-22 21:15:58+00:00,27.0,121.00088,Valenzuela,NCR,"14,001,751",619.54,"21,765"
3S Center Bagbaguin,14.71405,2025-06-22 21:33:00+00:00,24.96,121.00088,Valenzuela,NCR,"14,001,751",619.54,"21,765"
3S Center Bagbaguin,14.71405,2025-06-22 21:50:03+00:00,27.96,121.00088,Valenzuela,NCR,"14,001,751",619.54,"21,765"
3S Center Bagbaguin,14.71405,2025-06-22 22:07:02+00:00,21.83,121.00088,Valenzuela,NCR,"14,001,751",619.54,"21,765"
3S Center Bagbaguin,14.71405,2025-06-22 22:24:01+00:00,19.98,121.00088,Valenzuela,NCR,"14,001,751",619.54,"21,765"
3S Center Bagbaguin,14.71405,2025-06-22 22:41:00+00:00,27.27,121.00088,Valenzuela,NCR,"14,001,751",619.54,"21,765"
3S Center Bagbaguin,14.71405,2025-06-22 22:58:02+00:00,29.69,121.00088,Valenzuela,NCR,"14,001,751",619.54,"21,765"
3S Center Bagbaguin,14.71405,2025-06-23 00:06:01+00:00,29.11,121.00088,Valenzuela,NCR,"14,001,751",619.54,"21,765"
3S Center Bagbaguin,14.71405,2025-06-23 00:23:02+00:00,31.44,121.00088,Valenzuela,NCR,"14,001,751",619.54,"21,765"
3S Center Bagbaguin,14.71405,2025-06-23 00:40:01+00:00,20.07,121.00088,Valenzuela,NCR,"14,001,751",619.54,"21,765"
3S Center Bagbaguin,14.71405,2025-06-23 00:57:03+00:00,19.92,121.00088,Valenzuela,NCR,"14,001,751",619.54,"21,765"
3S Center Bagbaguin,14.71405,2025-06-23 01:14:02+00:00,20.07,121.00088,Valenzuela,NCR,"14,001,751",619.54,"21,765"
3S Center Bagbaguin,14.71405,2025-06-23 01:31:07+00:00,27.05,121.00088,Valenzuela,NCR,"14,001,751",619.54,"21,765"
3S Center Bagbaguin,14.71405,2025-06-23 01:48:08+00:00,23.98,121.00088,Valenzuela,NCR,"14,001,751",619.54,"21,765"
3S Center Bagbaguin,14.71405,2025-06-23 02:05:07+00:00,28.88,121.00088,Valenzuela,NCR,"14,001,751",619.54,"21,765"
3S Center Bagbaguin,14.71405,2025-06-23 02:22:05+00:00,42.06,121.00088,Valenzuela,NCR,"14,001,751",619.54,"21,765"
3S Center Bagbaguin,14.71405,2025-06-23 02:39:04+00:00,31.17,121.00088,Valenzuela,NCR,"14,001,751",619.54,"21,765"
3S Center Bagbaguin,14.71405,2025-06-23 02:56:04+00:00,32.78,121.00088,Valenzuela,NCR,"14,001,751",619.54,"21,765"
3S Center Bagbaguin,14.71405,2025-06-23 03:13:03+00:00,39.21,121.00088,Valenzuela,NCR,"14,001,751",619.54,"21,765"
3S Center Bagbaguin,14.71405,2025-06-23 03:30:01+00:00,46.25,121.00088,Valenzuela,NCR,"14,001,751",619.54,"21,765"
3S Center Bagbaguin,14.71405,2025-06-23 03:47:03+00:00,41.1,121.00088,Valenzuela,NCR,"14,001,751",619.54,"21,765"
3S Center Bagbaguin,14.71405,2025-06-23 04:04:02+00:00,32.95,121.00088,Valenzuela,NCR,"14,001,751",619.54,"21,765"
3S Center Bagbaguin,14.71405,2025-06-23 04:21:01+00:00,33.14,121.00088,Valenzuela,NCR,"14,001,751",619.54,"21,765"
3S Center Bagbaguin,14.71405,2025-06-23 04:37:59+00:00,33.1,121.00088,Valenzuela,NCR,"14,001,751",619.54,"21,765"
3S Center Bagbaguin,14.71405,2025-06-23 04:54:58+00:00,29.81,121.00088,Valenzuela,NCR,"14,001,751",619.54,"21,765"
3S Center Bagbaguin,14.71405,2025-06-23 05:12:00+00:00,27.73,121.00088,Valenzuela,NCR,"14,001,751",619.54,"21,765"
3S Center Bagbaguin,14.71405,2025-06-23 05:28:58+00:00,24.55,121.00088,Valenzuela,NCR,"14,001,751",619.54,"21,765"
3S Center Bagbaguin,14.71405,2025-06-23 05:45:57+00:00,29.19,121.00088,Valenzuela,NCR,"14,001,751",619.54,"21,765"
3S Center Bagbaguin,14.71405,2025-06-23 06:02:56+00:00,19.86,121.00088,Valenzuela,NCR,"14,001,751",619.54,"21,765"
3S Center Bagbaguin,14.71405,2025-06-23 06:19:55+00:00,21.2,121.00088,Valenzuela,NCR,"14,001,751",619.54,"21,765"
3S Center Bagbaguin,14.71405,2025-06-23 06:36:57+00:00,6.65,121.00088,Valenzuela,NCR,"14,001,751",619.54,"21,765"
3S Center Bagbaguin,14.71405,2025-06-23 06:53:59+00:00,2.76,121.00088,Valenzuela,NCR,"14,001,751",619.54,"21,765"
3S Center Bagbaguin,14.71405,2025-06-23 07:10:59+00:00,12.41,121.00088,Valenzuela,NCR,"14,001,751",619.54,"21,765"
3S Center Bagbaguin,14.71405,2025-06-23 07:28:01+00:00,12.71,121.00088,Valenzuela,NCR,"14,001,751",619.54,"21,765"
3S Center Bagbaguin,14.71405,2025-06-23 07:45:04+00:00,13.5,121.00088,Valenzuela,NCR,"14,001,751",619.54,"21,765"
3S Center Bagbaguin,14.71405,2025-06-23 08:02:06+00:00,19.45,121.00088,Valenzuela,NCR,"14,001,751",619.54,"21,765"
3S Center Bagbaguin,14.71405,2025-06-23 08:19:05+00:00,14.68,121.00088,Valenzuela,NCR,"14,001,751",619.54,"21,765"
3S Center Bagbaguin,14.71405,2025-06-23 08:36:04+00:00,21.51,121.00088,Valenzuela,NCR,"14,001,751",619.54,"21,765"
3S Center Bagbaguin,14.71405,2025-06-23 08:53:03+00:00,30.69,121.00088,Valenzuela,NCR,"14,001,751",619.54,"21,765"
3S Center Bagbaguin,14.71405,2025-06-23 10:04:59+00:00,25.69,121.00088,Valenzuela,NCR,"14,001,751",619.54,"21,765"
3S Center Bagbaguin,14.71405,2025-06-23 10:21:59+00:00,29.54,121.00088,Valenzuela,NCR,"14,001,751",619.54,"21,765"
3S Center Bagbaguin,14.71405,2025-06-23 10:39:01+00:00,36.0,121.00088,Valenzuela,NCR,"14,001,751",619.54,"21,765"
3S Center Bagbaguin,14.71405,2025-06-23 10:56:00+00:00,21.75,121.00088,Valenzuela,NCR,"14,001,751",619.54,"21,765"
3S Center Bagbaguin,14.71405,2025-06-23 11:13:02+00:00,24.27,121.00088,Valenzuela,NCR,"14,001,751",619.54,"21,765"
3S Center Bagbaguin,14.71405,2025-06-23 11:30:02+00:00,24.32,121.00088,Valenzuela,NCR,"14,001,751",619.54,"21,765"
3S Center Bagbaguin,14.71405,2025-06-23 11:47:01+00:00,22.7,121.00088,Valenzuela,NCR,"14,001,751",619.54,"21,765"
3S Center Bagbaguin,14.71405,2025-06-23 12:55:00+00:00,37.38,121.00088,Valenzuela,NCR,"14,001,751",619.54,"21,765"
3S Center Bagbaguin,14.71405,2025-06-23 13:12:02+00:00,38.34,121.00088,Valenzuela,NCR,"14,001,751",619.54,"21,765"
3S Center Bagbaguin,14.71405,2025-06-23 13:29:03+00:00,40.33,121.00088,Valenzuela,NCR,"14,001,751",619.54,"21,765"
3S Center Bagbaguin,14.71405,2025-06-23 13:46:02+00:00,35.44,121.00088,Valenzuela,NCR,"14,001,751",619.54,"21,765"
3S Center Bagbaguin,14.71405,2025-06-23 16:02:08+00:00,23.91,121.00088,Valenzuela,NCR,"14,001,751",619.54,"21,765"
3S Center Bagbaguin,14.71405,2025-06-23 16:19:07+00:00,25.25,121.00088,Valenzuela,NCR,"14,001,751",619.54,"21,765"
3S Center Bagbaguin,14.71405,2025-06-23 16:36:06+00:00,28.35,121.00088,Valenzuela,NCR,"14,001,751",619.54,"21,765"
3S Center Bagbaguin,14.71405,2025-06-23 16:53:08+00:00,23.14,121.00088,Valenzuela,NCR,"14,001,751",619.54,"21,765"
3S Center Bagbaguin,14.71405,2025-06-23 21:08:02+00:00,19.07,121.00088,Valenzuela,NCR,"14,001,751",619.54,"21,765"
3S Center Bagbaguin,14.71405,2025-06-23 21:25:01+00:00,22.1,121.00088,Valenzuela,NCR,"14,001,751",619.54,"21,765"
3S Center Bagbaguin,14.71405,2025-06-23 21:42:00+00:00,25.48,121.00088,Valenzuela,NCR,"14,001,751",619.54,"21,765"
3S Center Bagbaguin,14.71405,2025-06-23 21:59:02+00:00,26.73,121.00088,Valenzuela,NCR,"14,001,751",619.54,"21,765"
3S Center Bagbaguin,14.71405,2025-06-23 23:07:01+00:00,25.87,121.00088,Valenzuela,NCR,"14,001,751",619.54,"21,765"
3S Center Bagbaguin,14.71405,2025-06-23 23:24:00+00:00,23.4,121.00088,Valenzuela,NCR,"14,001,751",619.54,"21,765"
3S Center Bagbaguin,14.71405,2025-06-23 23:40:59+00:00,23.97,121.00088,Valenzuela,NCR,"14,001,751",619.54,"21,765"
3S Center Bagbaguin,14.71405,2025-06-23 23:57:58+00:00,24.5,121.00088,Valenzuela,NCR,"14,001,751",619.54,"21,765"
3S Center Bagbaguin,14.71405,2025-06-24 01:05:52+00:00,11.85,121.00088,Valenzuela,NCR,"14,001,751",619.54,"21,765"
3S Center Bagbaguin,14.71405,2025-06-24 01:22:50+00:00,13.5,121.00088,Valenzuela,NCR,"14,001,751",619.54,"21,765"
3S Center Bagbaguin,14.71405,2025-06-24 01:39:52+00:00,11.46,121.00088,Valenzuela,NCR,"14,001,751",619.54,"21,765"
3S Center Bagbaguin,14.71405,2025-06-24 01:56:51+00:00,19.07,121.00088,Valenzuela,NCR,"14,001,751",619.54,"21,765"
3S Center Bagbaguin,14.71405,2025-06-24 02:13:49+00:00,18.63,121.00088,Valenzuela,NCR,"14,001,751",619.54,"21,765"
3S Center Bagbaguin,14.71405,2025-06-24 02:30:47+00:00,12.63,121.00088,Valenzuela,NCR,"14,001,751",619.54,"21,765"
3S Center Bagbaguin,14.71405,2025-06-24 02:47:46+00:00,10.17,121.00088,Valenzuela,NCR,"14,001,751",619.54,"21,765"
3S Center Bagbaguin,14.71405,2025-06-24 03:55:47+00:00,7.91,121.00088,Valenzuela,NCR,"14,001,751",619.54,"21,765"
3S Center Bagbaguin,14.71405,2025-06-24 04:12:49+00:00,11.56,121.00088,Valenzuela,NCR,"14,001,751",619.54,"21,765"
3S Center Bagbaguin,14.71405,2025-06-24 04:29:47+00:00,7.0,121.00088,Valenzuela,NCR,"14,001,751",619.54,"21,765"
3S Center Bagbaguin,14.71405,2025-06-24 04:46:45+00:00,9.21,121.00088,Valenzuela,NCR,"14,001,751",619.54,"21,765"
3S Center Bagbaguin,14.71405,2025-06-24 05:03:44+00:00,5.54,121.00088,Valenzuela,NCR,"14,001,751",619.54,"21,765"
3S Center Bagbaguin,14.71405,2025-06-24 05:20:48+00:00,8.43,121.00088,Valenzuela,NCR,"14,001,751",619.54,"21,765"
3S Center Bagbaguin,14.71405,2025-06-24 05:37:47+00:00,11.37,121.00088,Valenzuela,NCR,"14,001,751",619.54,"21,765"
3S Center Bagbaguin,14.71405,2025-06-24 05:54:45+00:00,13.16,121.00088,Valenzuela,NCR,"14,001,751",619.54,"21,765"
3S Center Bagbaguin,14.71405,2025-06-24 06:11:44+00:00,9.58,121.00088,Valenzuela,NCR,"14,001,751",619.54,"21,765"
3S Center Bagbaguin,14.71405,2025-06-24 06:28:42+00:00,14.27,121.00088,Valenzuela,NCR,"14,001,751",619.54,"21,765"
3S Center Bagbaguin,14.71405,2025-06-24 06:45:44+00:00,18.17,121.00088,Valenzuela,NCR,"14,001,751",619.54,"21,765"
3S Center Bagbaguin,14.71405,2025-06-24 11:00:47+00:00,28.55,121.00088,Valenzuela,NCR,"14,001,751",619.54,"21,765"
3S Center Bagbaguin,14.71405,2025-06-24 11:17:46+00:00,46.87,121.00088,Valenzuela,NCR,"14,001,751",619.54,"21,765"
3S Center Bagbaguin,14.71405,2025-06-24 11:34:45+00:00,30.19,121.00088,Valenzuela,NCR,"14,001,751",619.54,"21,765"
3S Center Bagbaguin,14.71405,2025-06-24 11:51:44+00:00,23.26,121.00088,Valenzuela,NCR,"14,001,751",619.54,"21,765"
3S Center Bagbaguin,14.71405,2025-06-24 12:08:46+00:00,64.79,121.00088,Valenzuela,NCR,"14,001,751",619.54,"21,765"
3S Center Bagbaguin,14.71405,2025-06-24 12:25:45+00:00,25.33,121.00088,Valenzuela,NCR,"14,001,751",619.54,"21,765"
3S Center Bagbaguin,14.71405,2025-06-24 12:42:44+00:00,29.31,121.00088,Valenzuela,NCR,"14,001,751",619.54,"21,765"
3S Center Bagbaguin,14.71405,2025-06-24 12:59:43+00:00,37.78,121.00088,Valenzuela,NCR,"14,001,751",619.54,"21,765"
3S Center Bagbaguin,14.71405,2025-06-24 13:16:42+00:00,35.87,121.00088,Valenzuela,NCR,"14,001,751",619.54,"21,765"
3S Center Bagbaguin,14.71405,2025-06-24 13:33:43+00:00,36.42,121.00088,Valenzuela,NCR,"14,001,751",619.54,"21,765"
3S Center Bagbaguin,14.71405,2025-06-24 13:50:45+00:00,26.28,121.00088,Valenzuela,NCR,"14,001,751",619.54,"21,765"
3S Center Bagbaguin,14.71405,2025-06-24 14:07:44+00:00,20.07,121.00088,Valenzuela,NCR,"14,001,751",619.54,"21,765"
3S Center Bagbaguin,14.71405,2025-06-24 14:24:43+00:00,21.5,121.00088,Valenzuela,NCR,"14,001,751",619.54,"21,765"
3S Center Bagbaguin,14.71405,2025-06-24 14:41:42+00:00,26.52,121.00088,Valenzuela,NCR,"14,001,751",619.54,"21,765"
3S Center Bagbaguin,14.71405,2025-06-24 14:58:44+00:00,23.74,121.00088,Valenzuela,NCR,"14,001,751",619.54,"21,765"
3S Center Bagbaguin,14.71405,2025-06-24 15:15:43+00:00,17.84,121.00088,Valenzuela,NCR,"14,001,751",619.54,"21,765"
3S Center Bagbaguin,14.71405,2025-06-24 15:32:42+00:00,18.55,121.00088,Valenzuela,NCR,"14,001,751",619.54,"21,765"
3S Center Bagbaguin,14.71405,2025-06-24 15:49:41+00:00,21.78,121.00088,Valenzuela,NCR,"14,001,751",619.54,"21,765"
3S Center Bagbaguin,14.71405,2025-06-24 16:06:40+00:00,15.35,121.00088,Valenzuela,NCR,"14,001,751",619.54,"21,765"
3S Center Bagbaguin,14.71405,2025-06-24 16:23:39+00:00,24.0,121.00088,Valenzuela,NCR,"14,001,751",619.54,"21,765"
3S Center Bagbaguin,14.71405,2025-06-24 16:40:42+00:00,15.66,121.00088,Valenzuela,NCR,"14,001,751",619.54,"21,765"
3S Center Bagbaguin,14.71405,2025-06-24 16:57:41+00:00,15.03,121.00088,Valenzuela,NCR,"14,001,751",619.54,"21,765"
3S Center Bagbaguin,14.71405,2025-06-24 17:14:43+00:00,14.42,121.00088,Valenzuela,NCR,"14,001,751",619.54,"21,765"
3S Center Bagbaguin,14.71405,2025-06-24 17:31:45+00:00,20.46,121.00088,Valenzuela,NCR,"14,001,751",619.54,"21,765"
3S Center Bagbaguin,14.71405,2025-06-24 17:48:44+00:00,13.82,121.00088,Valenzuela,NCR,"14,001,751",619.54,"21,765"
3S Center Bagbaguin,14.71405,2025-06-24 18:05:46+00:00,14.14,121.00088,Valenzuela,NCR,"14,001,751",619.54,"21,765"
3S Center Bagbaguin,14.71405,2025-06-24 18:22:45+00:00,15.71,121.00088,Valenzuela,NCR,"14,001,751",619.54,"21,765"
3S Center Bagbaguin,14.71405,2025-06-24 18:39:45+00:00,22.46,121.00088,Valenzuela,NCR,"14,001,751",619.54,"21,765"
3S Center Bagbaguin,14.71405,2025-06-24 18:56:44+00:00,18.74,121.00088,Valenzuela,NCR,"14,001,751",619.54,"21,765"
3S Center Bagbaguin,14.71405,2025-06-24 19:13:46+00:00,13.89,121.00088,Valenzuela,NCR,"14,001,751",619.54,"21,765"
3S Center Bagbaguin,14.71405,2025-06-24 19:30:48+00:00,12.5,121.00088,Valenzuela,NCR,"14,001,751",619.54,"21,765"
3S Center Bagbaguin,14.71405,2025-06-24 19:47:47+00:00,15.63,121.00088,Valenzuela,NCR,"14,001,751",619.54,"21,765"
3S Center Bagbaguin,14.71405,2025-06-24 20:04:46+00:00,20.47,121.00088,Valenzuela,NCR,"14,001,751",619.54,"21,765"
3S Center Bagbaguin,14.71405,2025-06-24 20:21:45+00:00,15.88,121.00088,Valenzuela,NCR,"14,001,751",619.54,"21,765"
3S Center Bagbaguin,14.71405,2025-06-24 20:38:47+00:00,21.76,121.00088,Valenzuela,NCR,"14,001,751",619.54,"21,765"
3S Center Bagbaguin,14.71405,2025-06-24 20:55:46+00:00,12.77,121.00088,Valenzuela,NCR,"14,001,751",619.54,"21,765"
3S Center Bagbaguin,14.71405,2025-06-24 21:12:46+00:00,11.87,121.00088,Valenzuela,NCR,"14,001,751",619.54,"21,765"
3S Center Bagbaguin,14.71405,2025-06-24 21:29:45+00:00,11.27,121.00088,Valenzuela,NCR,"14,001,751",619.54,"21,765"
3S Center Bagbaguin,14.71405,2025-06-24 21:46:44+00:00,18.96,121.00088,Valenzuela,NCR,"14,001,751",619.54,"21,765"
3S Center Bagbaguin,14.71405,2025-06-24 22:03:46+00:00,24.01,121.00088,Valenzuela,NCR,"14,001,751",619.54,"21,765"
3S Center Bagbaguin,14.71405,2025-06-24 22:20:45+00:00,15.33,121.00088,Valenzuela,NCR,"14,001,751",619.54,"21,765"
3S Center Bagbaguin,14.71405,2025-06-24 22:37:44+00:00,28.55,121.00088,Valenzuela,NCR,"14,001,751",619.54,"21,765"
3S Center Bagbaguin,14.71405,2025-06-24 22:54:52+00:00,25.85,121.00088,Valenzuela,NCR,"14,001,751",619.54,"21,765"
3S Center Bagbaguin,14.71405,2025-06-24 23:11:51+00:00,25.97,121.00088,Valenzuela,NCR,"14,001,751",619.54,"21,765"
3S Center Bagbaguin,14.71405,2025-06-24 23:28:50+00:00,16.77,121.00088,Valenzuela,NCR,"14,001,751",619.54,"21,765"
3S Center Bagbaguin,14.71405,2025-06-24 23:45:49+00:00,14.42,121.00088,Valenzuela,NCR,"14,001,751",619.54,"21,765"
3S Center Bagbaguin,14.71405,2025-06-25 00:02:48+00:00,12.54,121.00088,Valenzuela,NCR,"14,001,751",619.54,"21,765"
3S Center Bagbaguin,14.71405,2025-06-25 00:19:46+00:00,10.62,121.00088,Valenzuela,NCR,"14,001,751",619.54,"21,765"
3S Center Bagbaguin,14.71405,2025-06-25 00:36:45+00:00,14.55,121.00088,Valenzuela,NCR,"14,001,751",619.54,"21,765"
3S Center Bagbaguin,14.71405,2025-06-25 00:53:43+00:00,12.96,121.00088,Valenzuela,NCR,"14,001,751",619.54,"21,765"
3S Center Bagbaguin,14.71405,2025-06-25 01:10:44+00:00,8.35,121.00088,Valenzuela,NCR,"14,001,751",619.54,"21,765"
3S Center Bagbaguin,14.71405,2025-06-25 01:27:43+00:00,10.28,121.00088,Valenzuela,NCR,"14,001,751",619.54,"21,765"
3S Center Bagbaguin,14.71405,2025-06-25 01:44:41+00:00,12.82,121.00088,Valenzuela,NCR,"14,001,751",619.54,"21,765"
3S Center Bagbaguin,14.71405,2025-06-25 02:01:40+00:00,23.75,121.00088,Valenzuela,NCR,"14,001,751",619.54,"21,765"
3S Center Bagbaguin,14.71405,2025-06-25 02:18:38+00:00,20.44,121.00088,Valenzuela,NCR,"14,001,751",619.54,"21,765"
3S Center Bagbaguin,14.71405,2025-06-25 02:35:37+00:00,16.73,121.00088,Valenzuela,NCR,"14,001,751",619.54,"21,765"
3S Center Bagbaguin,14.71405,2025-06-25 02:52:38+00:00,10.52,121.00088,Valenzuela,NCR,"14,001,751",619.54,"21,765"
3S Center Bagbaguin,14.71405,2025-06-25 04:55:42+00:00,17.12,121.00088,Valenzuela,NCR,"14,001,751",619.54,"21,765"
3S Center Bagbaguin,14.71405,2025-06-25 05:12:40+00:00,16.2,121.00088,Valenzuela,NCR,"14,001,751",619.54,"21,765"
3S Center Bagbaguin,14.71405,2025-06-25 05:29:42+00:00,17.97,121.00088,Valenzuela,NCR,"14,001,751",619.54,"21,765"
3S Center Bagbaguin,14.71405,2025-06-25 05:46:40+00:00,16.08,121.00088,Valenzuela,NCR,"14,001,751",619.54,"21,765"
3S Center Bagbaguin,14.71405,2025-06-25 06:03:41+00:00,14.55,121.00088,Valenzuela,NCR,"14,001,751",619.54,"21,765"
3S Center Bagbaguin,14.71405,2025-06-25 06:20:49+00:00,20.53,121.00088,Valenzuela,NCR,"14,001,751",619.54,"21,765"
3S Center Bagbaguin,14.71405,2025-06-25 06:37:47+00:00,17.5,121.00088,Valenzuela,NCR,"14,001,751",619.54,"21,765"
3S Center Bagbaguin,14.71405,2025-06-25 06:54:46+00:00,9.11,121.00088,Valenzuela,NCR,"14,001,751",619.54,"21,765"
3S Center Bagbaguin,14.71405,2025-06-25 07:11:44+00:00,7.71,121.00088,Valenzuela,NCR,"14,001,751",619.54,"21,765"
3S Center Bagbaguin,14.71405,2025-06-25 07:28:43+00:00,6.67,121.00088,Valenzuela,NCR,"14,001,751",619.54,"21,765"
3S Center Bagbaguin,14.71405,2025-06-25 07:45:41+00:00,6.94,121.00088,Valenzuela,NCR,"14,001,751",619.54,"21,765"
3S Center Bagbaguin,14.71405,2025-06-25 09:10:33+00:00,7.38,121.00088,Valenzuela,NCR,"14,001,751",619.54,"21,765"
3S Center Bagbaguin,14.71405,2025-06-25 09:27:35+00:00,13.2,121.00088,Valenzuela,NCR,"14,001,751",619.54,"21,765"
3S Center Bagbaguin,14.71405,2025-06-25 09:44:37+00:00,7.58,121.00088,Valenzuela,NCR,"14,001,751",619.54,"21,765"
3S Center Bagbaguin,14.71405,2025-06-25 10:01:35+00:00,22.65,121.00088,Valenzuela,NCR,"14,001,751",619.54,"21,765"
3S Center Bagbaguin,14.71405,2025-06-25 10:18:34+00:00,33.83,121.00088,Valenzuela,NCR,"14,001,751",619.54,"21,765"
3S Center Bagbaguin,14.71405,2025-06-25 10:35:36+00:00,10.17,121.00088,Valenzuela,NCR,"14,001,751",619.54,"21,765"
3S Center Bagbaguin,14.71405,2025-06-25 10:52:35+00:00,11.45,121.00088,Valenzuela,NCR,"14,001,751",619.54,"21,765"
3S Center Bagbaguin,14.71405,2025-06-25 11:09:34+00:00,44.05,121.00088,Valenzuela,NCR,"14,001,751",619.54,"21,765"
3S Center Bagbaguin,14.71405,2025-06-25 11:26:32+00:00,26.61,121.00088,Valenzuela,NCR,"14,001,751",619.54,"21,765"
3S Center Bagbaguin,14.71405,2025-06-25 11:47:30+00:00,69.86,121.00088,Valenzuela,NCR,"14,001,751",619.54,"21,765"
3S Center Bagbaguin,14.71405,2025-06-25 12:04:29+00:00,25.0,121.00088,Valenzuela,NCR,"14,001,751",619.54,"21,765"
3S Center Bagbaguin,14.71405,2025-06-25 12:21:28+00:00,39.0,121.00088,Valenzuela,NCR,"14,001,751",619.54,"21,765"
3S Center Bagbaguin,14.71405,2025-06-25 12:38:27+00:00,30.21,121.00088,Valenzuela,NCR,"14,001,751",619.54,"21,765"
3S Center Bagbaguin,14.71405,2025-06-25 12:55:26+00:00,25.16,121.00088,Valenzuela,NCR,"14,001,751",619.54,"21,765"
3S Center Bagbaguin,14.71405,2025-06-25 15:11:26+00:00,12.92,121.00088,Valenzuela,NCR,"14,001,751",619.54,"21,765"
3S Center Bagbaguin,14.71405,2025-06-25 15:28:25+00:00,14.13,121.00088,Valenzuela,NCR,"14,001,751",619.54,"21,765"
3S Center Bagbaguin,14.71405,2025-06-25 15:45:27+00:00,4.91,121.00088,Valenzuela,NCR,"14,001,751",619.54,"21,765"
3S Center Bagbaguin,14.71405,2025-06-25 18:01:29+00:00,13.86,121.00088,Valenzuela,NCR,"14,001,751",619.54,"21,765"
3S Center Bagbaguin,14.71405,2025-06-25 18:18:28+00:00,20.38,121.00088,Valenzuela,NCR,"14,001,751",619.54,"21,765"
3S Center Bagbaguin,14.71405,2025-06-25 18:35:30+00:00,14.95,121.00088,Valenzuela,NCR,"14,001,751",619.54,"21,765"
3S Center Bagbaguin,14.71405,2025-06-25 18:52:32+00:00,16.32,121.00088,Valenzuela,NCR,"14,001,751",619.54,"21,765"
3S Center Bagbaguin,14.71405,2025-06-25 21:09:00+00:00,22.96,121.00088,Valenzuela,NCR,"14,001,751",619.54,"21,765"
3S Center Bagbaguin,14.71405,2025-06-25 21:25:59+00:00,22.96,121.00088,Valenzuela,NCR,"14,001,751",619.54,"21,765"
3S Center Bagbaguin,14.71405,2025-06-25 21:42:58+00:00,22.24,121.00088,Valenzuela,NCR,"14,001,751",619.54,"21,765"
3S Center Bagbaguin,14.71405,2025-06-25 21:59:57+00:00,24.8,121.00088,Valenzuela,NCR,"14,001,751",619.54,"21,765"
3S Center Bagbaguin,14.71405,2025-06-25 23:07:59+00:00,27.54,121.00088,Valenzuela,NCR,"14,001,751",619.54,"21,765"
3S Center Bagbaguin,14.71405,2025-06-25 23:24:58+00:00,19.47,121.00088,Valenzuela,NCR,"14,001,751",619.54,"21,765"
3S Center Bagbaguin,14.71405,2025-06-25 23:41:59+00:00,24.96,121.00088,Valenzuela,NCR,"14,001,751",619.54,"21,765"
3S Center Bagbaguin,14.71405,2025-06-25 23:58:58+00:00,19.75,121.00088,Valenzuela,NCR,"14,001,751",619.54,"21,765"
3S Center Bagbaguin,14.71405,2025-06-26 01:06:56+00:00,25.13,121.00088,Valenzuela,NCR,"14,001,751",619.54,"21,765"
3S Center Bagbaguin,14.71405,2025-06-26 01:23:55+00:00,24.44,121.00088,Valenzuela,NCR,"14,001,751",619.54,"21,765"
3S Center Bagbaguin,14.71405,2025-06-26 01:40:57+00:00,23.31,121.00088,Valenzuela,NCR,"14,001,751",619.54,"21,765"
3S Center Bagbaguin,14.71405,2025-06-26 01:57:55+00:00,27.68,121.00088,Valenzuela,NCR,"14,001,751",619.54,"21,765"
3S Center Bagbaguin,14.71405,2025-06-26 02:14:54+00:00,25.54,121.00088,Valenzuela,NCR,"14,001,751",619.54,"21,765"
3S Center Bagbaguin,14.71405,2025-06-26 02:31:53+00:00,56.86,121.00088,Valenzuela,NCR,"14,001,751",619.54,"21,765"
3S Center Bagbaguin,14.71405,2025-06-26 02:48:52+00:00,19.1,121.00088,Valenzuela,NCR,"14,001,751",619.54,"21,765"
3S Center Bagbaguin,14.71405,2025-06-26 03:57:00+00:00,18.84,121.00088,Valenzuela,NCR,"14,001,751",619.54,"21,765"
3S Center Bagbaguin,14.71405,2025-06-26 04:14:02+00:00,12.24,121.00088,Valenzuela,NCR,"14,001,751",619.54,"21,765"
3S Center Bagbaguin,14.71405,2025-06-26 04:31:00+00:00,7.18,121.00088,Valenzuela,NCR,"14,001,751",619.54,"21,765"
3S Center Bagbaguin,14.71405,2025-06-26 04:47:59+00:00,6.33,121.00088,Valenzuela,NCR,"14,001,751",619.54,"21,765"
3S Center Bagbaguin,14.71405,2025-06-26 07:55:01+00:00,4.09,121.00088,Valenzuela,NCR,"14,001,751",619.54,"21,765"
3S Center Bagbaguin,14.71405,2025-06-26 08:11:59+00:00,7.42,121.00088,Valenzuela,NCR,"14,001,751",619.54,"21,765"
3S Center Bagbaguin,14.71405,2025-06-26 08:28:58+00:00,5.63,121.00088,Valenzuela,NCR,"14,001,751",619.54,"21,765"
3S Center Bagbaguin,14.71405,2025-06-26 08:45:56+00:00,7.12,121.00088,Valenzuela,NCR,"14,001,751",619.54,"21,765"
3S Center Bagbaguin,14.71405,2025-06-26 09:57:56+00:00,4.38,121.00088,Valenzuela,NCR,"14,001,751",619.54,"21,765"
3S Center Bagbaguin,14.71405,2025-06-26 10:14:54+00:00,9.47,121.00088,Valenzuela,NCR,"14,001,751",619.54,"21,765"
3S Center Bagbaguin,14.71405,2025-06-26 10:31:56+00:00,8.43,121.00088,Valenzuela,NCR,"14,001,751",619.54,"21,765"
3S Center Bagbaguin,14.71405,2025-06-26 10:48:58+00:00,5.78,121.00088,Valenzuela,NCR,"14,001,751",619.54,"21,765"
3S Center Bagbaguin,14.71405,2025-06-26 15:03:52+00:00,14.73,121.00088,Valenzuela,NCR,"14,001,751",619.54,"21,765"
3S Center Bagbaguin,14.71405,2025-06-26 15:20:51+00:00,2.46,121.00088,Valenzuela,NCR,"14,001,751",619.54,"21,765"
3S Center Bagbaguin,14.71405,2025-06-26 15:37:50+00:00,13.76,121.00088,Valenzuela,NCR,"14,001,751",619.54,"21,765"
3S Center Bagbaguin,14.71405,2025-06-26 15:54:52+00:00,2.83,121.00088,Valenzuela,NCR,"14,001,751",619.54,"21,765"
3S Center Bagbaguin,14.71405,2025-06-26 16:11:51+00:00,1.78,121.00088,Valenzuela,NCR,"14,001,751",619.54,"21,765"
3S Center Bagbaguin,14.71405,2025-06-26 16:28:53+00:00,3.88,121.00088,Valenzuela,NCR,"14,001,751",619.54,"21,765"
3S Center Bagbaguin,14.71405,2025-06-26 16:45:52+00:00,11.33,121.00088,Valenzuela,NCR,"14,001,751",619.54,"21,765"
3S Center Bagbaguin,14.71405,2025-06-26 17:02:51+00:00,11.74,121.00088,Valenzuela,NCR,"14,001,751",619.54,"21,765"
3S Center Bagbaguin,14.71405,2025-06-26 17:19:54+00:00,16.49,121.00088,Valenzuela,NCR,"14,001,751",619.54,"21,765"
3S Center Bagbaguin,14.71405,2025-06-26 17:36:53+00:00,10.4,121.00088,Valenzuela,NCR,"14,001,751",619.54,"21,765"
3S Center Bagbaguin,14.71405,2025-06-26 17:53:55+00:00,1.19,121.00088,Valenzuela,NCR,"14,001,751",619.54,"21,765"
3S Center Bagbaguin,14.71405,2025-06-26 18:10:54+00:00,6.95,121.00088,Valenzuela,NCR,"14,001,751",619.54,"21,765"
3S Center Bagbaguin,14.71405,2025-06-26 18:27:55+00:00,7.61,121.00088,Valenzuela,NCR,"14,001,751",619.54,"21,765"
3S Center Bagbaguin,14.71405,2025-06-26 18:44:57+00:00,5.1,121.00088,Valenzuela,NCR,"14,001,751",619.54,"21,765"
3S Center Bagbaguin,14.71405,2025-06-26 19:01:56+00:00,10.46,121.00088,Valenzuela,NCR,"14,001,751",619.54,"21,765"
3S Center Bagbaguin,14.71405,2025-06-26 22:08:59+00:00,27.39,121.00088,Valenzuela,NCR,"14,001,751",619.54,"21,765"
3S Center Bagbaguin,14.71405,2025-06-26 22:26:01+00:00,28.09,121.00088,Valenzuela,NCR,"14,001,751",619.54,"21,765"
3S Center Bagbaguin,14.71405,2025-06-26 22:43:00+00:00,24.29,121.00088,Valenzuela,NCR,"14,001,751",619.54,"21,765"
3S Center Bagbaguin,14.71405,2025-06-26 22:59:59+00:00,23.07,121.00088,Valenzuela,NCR,"14,001,751",619.54,"21,765"
3S Center Bagbaguin,14.71405,2025-06-26 23:17:02+00:00,14.94,121.00088,Valenzuela,NCR,"14,001,751",619.54,"21,765"
3S Center Bagbaguin,14.71405,2025-06-26 23:34:04+00:00,12.18,121.00088,Valenzuela,NCR,"14,001,751",619.54,"21,765"
3S Center Bagbaguin,14.71405,2025-06-26 23:51:03+00:00,6.68,121.00088,Valenzuela,NCR,"14,001,751",619.54,"21,765"
3S Center Bagbaguin,14.71405,2025-06-27 02:06:57+00:00,8.43,121.00088,Valenzuela,NCR,"14,001,751",619.54,"21,765"
3S Center Bagbaguin,14.71405,2025-06-27 02:23:59+00:00,11.08,121.00088,Valenzuela,NCR,"14,001,751",619.54,"21,765"
3S Center Bagbaguin,14.71405,2025-06-27 02:40:58+00:00,11.12,121.00088,Valenzuela,NCR,"14,001,751",619.54,"21,765"
3S Center Bagbaguin,14.71405,2025-06-27 02:57:56+00:00,12.52,121.00088,Valenzuela,NCR,"14,001,751",619.54,"21,765"
3S Center Bagbaguin,14.71405,2025-06-27 04:56:59+00:00,9.98,121.00088,Valenzuela,NCR,"14,001,751",619.54,"21,765"
3S Center Bagbaguin,14.71405,2025-06-27 05:14:00+00:00,14.21,121.00088,Valenzuela,NCR,"14,001,751",619.54,"21,765"
3S Center Bagbaguin,14.71405,2025-06-27 05:30:59+00:00,14.19,121.00088,Valenzuela,NCR,"14,001,751",619.54,"21,765"
3S Center Bagbaguin,14.71405,2025-06-27 05:47:57+00:00,8.77,121.00088,Valenzuela,NCR,"14,001,751",619.54,"21,765"
3S Center Bagbaguin,14.71405,2025-06-27 06:04:55+00:00,2.58,121.00088,Valenzuela,NCR,"14,001,751",619.54,"21,765"
3S Center Bagbaguin,14.71405,2025-06-27 06:21:54+00:00,3.24,121.00088,Valenzuela,NCR,"14,001,751",619.54,"21,765"
3S Center Bagbaguin,14.71405,2025-06-27 06:38:53+00:00,3.96,121.00088,Valenzuela,NCR,"14,001,751",619.54,"21,765"
3S Center Bagbaguin,14.71405,2025-06-27 06:55:57+00:00,5.15,121.00088,Valenzuela,NCR,"14,001,751",619.54,"21,765"
3S Center Bagbaguin,14.71405,2025-06-27 08:03:55+00:00,1.28,121.00088,Valenzuela,NCR,"14,001,751",619.54,"21,765"
3S Center Bagbaguin,14.71405,2025-06-27 08:20:53+00:00,5.48,121.00088,Valenzuela,NCR,"14,001,751",619.54,"21,765"
3S Center Bagbaguin,14.71405,2025-06-27 08:37:52+00:00,1.77,121.00088,Valenzuela,NCR,"14,001,751",619.54,"21,765"
3S Center Bagbaguin,14.71405,2025-06-27 08:54:53+00:00,1.66,121.00088,Valenzuela,NCR,"14,001,751",619.54,"21,765"
3S Center Bagbaguin,14.71405,2025-06-27 10:02:49+00:00,5.42,121.00088,Valenzuela,NCR,"14,001,751",619.54,"21,765"
3S Center Bagbaguin,14.71405,2025-06-27 10:19:48+00:00,1.56,121.00088,Valenzuela,NCR,"14,001,751",619.54,"21,765"
3S Center Bagbaguin,14.71405,2025-06-27 10:36:47+00:00,5.74,121.00088,Valenzuela,NCR,"14,001,751",619.54,"21,765"
3S Center Bagbaguin,14.71405,2025-06-27 10:53:46+00:00,2.94,121.00088,Valenzuela,NCR,"14,001,751",619.54,"21,765"
3S Center Bagbaguin,14.71405,2025-06-27 11:10:45+00:00,3.4,121.00088,Valenzuela,NCR,"14,001,751",619.54,"21,765"
3S Center Bagbaguin,14.71405,2025-06-27 11:27:43+00:00,5.65,121.00088,Valenzuela,NCR,"14,001,751",619.54,"21,765"
3S Center Bagbaguin,14.71405,2025-06-27 11:44:46+00:00,4.61,121.00088,Valenzuela,NCR,"14,001,751",619.54,"21,765"
3S Center Bagbaguin,14.71405,2025-06-27 12:01:50+00:00,1.99,121.00088,Valenzuela,NCR,"14,001,751",619.54,"21,765"
3S Center Bagbaguin,14.71405,2025-06-27 12:18:49+00:00,9.05,121.00088,Valenzuela,NCR,"14,001,751",619.54,"21,765"
3S Center Bagbaguin,14.71405,2025-06-27 12:35:47+00:00,1.42,121.00088,Valenzuela,NCR,"14,001,751",619.54,"21,765"
3S Center Bagbaguin,14.71405,2025-06-27 12:52:49+00:00,0.0,121.00088,Valenzuela,NCR,"14,001,751",619.54,"21,765"
3S Center Bagbaguin,14.71405,2025-06-27 13:09:52+00:00,0.59,121.00088,Valenzuela,NCR,"14,001,751",619.54,"21,765"
3S Center Bagbaguin,14.71405,2025-06-27 13:26:54+00:00,2.49,121.00088,Valenzuela,NCR,"14,001,751",619.54,"21,765"
3S Center Bagbaguin,14.71405,2025-06-27 13:43:56+00:00,3.15,121.00088,Valenzuela,NCR,"14,001,751",619.54,"21,765"
3S Center Bagbaguin,14.71405,2025-06-27 14:00:55+00:00,5.4,121.00088,Valenzuela,NCR,"14,001,751",619.54,"21,765"
3S Center Bagbaguin,14.71405,2025-06-27 14:17:54+00:00,8.74,121.00088,Valenzuela,NCR,"14,001,751",619.54,"21,765"
3S Center Bagbaguin,14.71405,2025-06-27 14:34:56+00:00,2.18,121.00088,Valenzuela,NCR,"14,001,751",619.54,"21,765"
3S Center Bagbaguin,14.71405,2025-06-27 14:51:55+00:00,3.75,121.00088,Valenzuela,NCR,"14,001,751",619.54,"21,765"
3S Center Bagbaguin,14.71405,2025-06-27 15:08:54+00:00,4.16,121.00088,Valenzuela,NCR,"14,001,751",619.54,"21,765"
3S Center Bagbaguin,14.71405,2025-06-27 15:25:54+00:00,0.0,121.00088,Valenzuela,NCR,"14,001,751",619.54,"21,765"
3S Center Bagbaguin,14.71405,2025-06-27 15:46:53+00:00,0.0,121.00088,Valenzuela,NCR,"14,001,751",619.54,"21,765"
3S Center Bagbaguin,14.71405,2025-06-27 17:11:49+00:00,6.0,121.00088,Valenzuela,NCR,"14,001,751",619.54,"21,765"
3S Center Bagbaguin,14.71405,2025-06-27 17:28:51+00:00,8.17,121.00088,Valenzuela,NCR,"14,001,751",619.54,"21,765"
3S Center Bagbaguin,14.71405,2025-06-27 17:45:51+00:00,16.67,121.00088,Valenzuela,NCR,"14,001,751",619.54,"21,765"
3S Center Bagbaguin,14.71405,2025-06-27 18:02:53+00:00,8.69,121.00088,Valenzuela,NCR,"14,001,751",619.54,"21,765"
3S Center Bagbaguin,14.71405,2025-06-27 18:19:52+00:00,18.99,121.00088,Valenzuela,NCR,"14,001,751",619.54,"21,765"
3S Center Bagbaguin,14.71405,2025-06-27 18:36:52+00:00,22.5,121.00088,Valenzuela,NCR,"14,001,751",619.54,"21,765"
3S Center Bagbaguin,14.71405,2025-06-27 18:53:55+00:00,21.64,121.00088,Valenzuela,NCR,"14,001,751",619.54,"21,765"
3S Center Bagbaguin,14.71405,2025-06-27 19:10:54+00:00,28.18,121.00088,Valenzuela,NCR,"14,001,751",619.54,"21,765"
3S Center Bagbaguin,14.71405,2025-06-27 19:27:53+00:00,31.41,121.00088,Valenzuela,NCR,"14,001,751",619.54,"21,765"
3S Center Bagbaguin,14.71405,2025-06-27 19:44:52+00:00,29.61,121.00088,Valenzuela,NCR,"14,001,751",619.54,"21,765"
3S Center Bagbaguin,14.71405,2025-06-27 20:01:52+00:00,28.16,121.00088,Valenzuela,NCR,"14,001,751",619.54,"21,765"
3S Center Bagbaguin,14.71405,2025-06-28 03:06:57+00:00,10.54,121.00088,Valenzuela,NCR,"14,001,751",619.54,"21,765"
3S Center Bagbaguin,14.71405,2025-06-28 03:23:56+00:00,7.51,121.00088,Valenzuela,NCR,"14,001,751",619.54,"21,765"
3S Center Bagbaguin,14.71405,2025-06-28 03:40:55+00:00,12.28,121.00088,Valenzuela,NCR,"14,001,751",619.54,"21,765"
3S Center Bagbaguin,14.71405,2025-06-28 03:57:53+00:00,8.43,121.00088,Valenzuela,NCR,"14,001,751",619.54,"21,765"
3S Center Bagbaguin,14.71405,2025-06-28 04:14:55+00:00,8.51,121.00088,Valenzuela,NCR,"14,001,751",619.54,"21,765"
3S Center Bagbaguin,14.71405,2025-06-28 04:31:54+00:00,9.92,121.00088,Valenzuela,NCR,"14,001,751",619.54,"21,765"
3S Center Bagbaguin,14.71405,2025-06-28 04:48:55+00:00,11.02,121.00088,Valenzuela,NCR,"14,001,751",619.54,"21,765"
3S Center Bagbaguin,14.71405,2025-06-28 07:04:53+00:00,8.06,121.00088,Valenzuela,NCR,"14,001,751",619.54,"21,765"
3S Center Bagbaguin,14.71405,2025-06-28 07:21:51+00:00,7.85,121.00088,Valenzuela,NCR,"14,001,751",619.54,"21,765"
3S Center Bagbaguin,14.71405,2025-06-28 07:38:50+00:00,11.87,121.00088,Valenzuela,NCR,"14,001,751",619.54,"21,765"
3S Center Bagbaguin,14.71405,2025-06-28 07:55:48+00:00,9.72,121.00088,Valenzuela,NCR,"14,001,751",619.54,"21,765"
3S Center Bagbaguin,14.71405,2025-06-28 10:12:00+00:00,15.33,121.00088,Valenzuela,NCR,"14,001,751",619.54,"21,765"
3S Center Bagbaguin,14.71405,2025-06-28 10:28:59+00:00,20.45,121.00088,Valenzuela,NCR,"14,001,751",619.54,"21,765"
3S Center Bagbaguin,14.71405,2025-06-28 10:45:58+00:00,26.88,121.00088,Valenzuela,NCR,"14,001,751",619.54,"21,765"
3S Center Bagbaguin,14.71405,2025-06-28 12:10:57+00:00,27.86,121.00088,Valenzuela,NCR,"14,001,751",619.54,"21,765"
3S Center Bagbaguin,14.71405,2025-06-28 12:27:56+00:00,29.47,121.00088,Valenzuela,NCR,"14,001,751",619.54,"21,765"
3S Center Bagbaguin,14.71405,2025-06-28 12:44:55+00:00,27.39,121.00088,Valenzuela,NCR,"14,001,751",619.54,"21,765"
3S Center Bagbaguin,14.71405,2025-06-28 13:01:54+00:00,28.51,121.00088,Valenzuela,NCR,"14,001,751",619.54,"21,765"
3S Center Bagbaguin,14.71405,2025-06-28 14:09:57+00:00,23.44,121.00088,Valenzuela,NCR,"14,001,751",619.54,"21,765"
3S Center Bagbaguin,14.71405,2025-06-28 14:26:56+00:00,24.27,121.00088,Valenzuela,NCR,"14,001,751",619.54,"21,765"
3S Center Bagbaguin,14.71405,2025-06-28 14:43:55+00:00,26.05,121.00088,Valenzuela,NCR,"14,001,751",619.54,"21,765"
3S Center Bagbaguin,14.71405,2025-06-28 15:00:57+00:00,27.64,121.00088,Valenzuela,NCR,"14,001,751",619.54,"21,765"
3S Center Bagbaguin,14.71405,2025-06-28 15:17:57+00:00,21.09,121.00088,Valenzuela,NCR,"14,001,751",619.54,"21,765"
3S Center Bagbaguin,14.71405,2025-06-28 15:34:56+00:00,21.11,121.00088,Valenzuela,NCR,"14,001,751",619.54,"21,765"
3S Center Bagbaguin,14.71405,2025-06-28 15:51:55+00:00,19.46,121.00088,Valenzuela,NCR,"14,001,751",619.54,"21,765"
3S Center Bagbaguin,14.71405,2025-06-28 16:59:54+00:00,23.85,121.00088,Valenzuela,NCR,"14,001,751",619.54,"21,765"
3S Center Bagbaguin,14.71405,2025-06-28 17:16:53+00:00,32.17,121.00088,Valenzuela,NCR,"14,001,751",619.54,"21,765"
3S Center Bagbaguin,14.71405,2025-06-28 17:33:52+00:00,33.17,121.00088,Valenzuela,NCR,"14,001,751",619.54,"21,765"
3S Center Bagbaguin,14.71405,2025-06-28 17:50:54+00:00,29.79,121.00088,Valenzuela,NCR,"14,001,751",619.54,"21,765"
3S Center Bagbaguin,14.71405,2025-06-28 18:07:53+00:00,20.86,121.00088,Valenzuela,NCR,"14,001,751",619.54,"21,765"
3S Center Bagbaguin,14.71405,2025-06-28 18:24:56+00:00,24.98,121.00088,Valenzuela,NCR,"14,001,751",619.54,"21,765"
3S Center Bagbaguin,14.71405,2025-06-28 18:41:55+00:00,23.55,121.00088,Valenzuela,NCR,"14,001,751",619.54,"21,765"
3S Center Bagbaguin,14.71405,2025-06-28 18:58:54+00:00,20.55,121.00088,Valenzuela,NCR,"14,001,751",619.54,"21,765"
3S Center Bagbaguin,14.71405,2025-06-28 19:15:53+00:00,21.78,121.00088,Valenzuela,NCR,"14,001,751",619.54,"21,765"
3S Center Bagbaguin,14.71405,2025-06-28 19:32:52+00:00,25.75,121.00088,Valenzuela,NCR,"14,001,751",619.54,"21,765"
3S Center Bagbaguin,14.71405,2025-06-28 19:49:51+00:00,25.77,121.00088,Valenzuela,NCR,"14,001,751",619.54,"21,765"
3S Center Bagbaguin,14.71405,2025-06-28 20:57:51+00:00,25.4,121.00088,Valenzuela,NCR,"14,001,751",619.54,"21,765"
3S Center Bagbaguin,14.71405,2025-06-28 21:14:50+00:00,23.74,121.00088,Valenzuela,NCR,"14,001,751",619.54,"21,765"
3S Center Bagbaguin,14.71405,2025-06-28 21:31:49+00:00,23.32,121.00088,Valenzuela,NCR,"14,001,751",619.54,"21,765"
3S Center Bagbaguin,14.71405,2025-06-28 21:48:48+00:00,22.11,121.00088,Valenzuela,NCR,"14,001,751",619.54,"21,765"
3S Center Bagbaguin,14.71405,2025-06-29 09:59:37+00:00,17.53,121.00088,Valenzuela,NCR,"14,001,751",619.54,"21,765"
3S Center Bagbaguin,14.71405,2025-06-29 10:16:42+00:00,20.4,121.00088,Valenzuela,NCR,"14,001,751",619.54,"21,765"
3S Center Bagbaguin,14.71405,2025-06-29 10:33:41+00:00,23.49,121.00088,Valenzuela,NCR,"14,001,751",619.54,"21,765"
3S Center Bagbaguin,14.71405,2025-06-29 10:50:40+00:00,28.23,121.00088,Valenzuela,NCR,"14,001,751",619.54,"21,765"
3S Center Bagbaguin,14.71405,2025-06-29 11:07:39+00:00,17.45,121.00088,Valenzuela,NCR,"14,001,751",619.54,"21,765"
3S Center Bagbaguin,14.71405,2025-06-29 11:24:38+00:00,12.42,121.00088,Valenzuela,NCR,"14,001,751",619.54,"21,765"
3S Center Bagbaguin,14.71405,2025-06-29 11:41:36+00:00,12.55,121.00088,Valenzuela,NCR,"14,001,751",619.54,"21,765"
3S Center Bagbaguin,14.71405,2025-06-29 11:58:40+00:00,14.51,121.00088,Valenzuela,NCR,"14,001,751",619.54,"21,765"
3S Center Bagbaguin,14.71405,2025-06-30 01:00:41+00:00,29.96,121.00088,Valenzuela,NCR,"14,001,751",619.54,"21,765"
3S Center Bagbaguin,14.71405,2025-06-30 01:17:40+00:00,29.71,121.00088,Valenzuela,NCR,"14,001,751",619.54,"21,765"
3S Center Bagbaguin,14.71405,2025-06-30 01:34:42+00:00,25.35,121.00088,Valenzuela,NCR,"14,001,751",619.54,"21,765"
3S Center Bagbaguin,14.71405,2025-06-30 01:51:40+00:00,28.68,121.00088,Valenzuela,NCR,"14,001,751",619.54,"21,765"
3S Center Bagbaguin,14.71405,2025-06-30 02:08:39+00:00,20.76,121.00088,Valenzuela,NCR,"14,001,751",619.54,"21,765"
3S Center Bagbaguin,14.71405,2025-06-30 02:25:38+00:00,19.99,121.00088,Valenzuela,NCR,"14,001,751",619.54,"21,765"
3S Center Bagbaguin,14.71405,2025-06-30 02:42:40+00:00,21.94,121.00088,Valenzuela,NCR,"14,001,751",619.54,"21,765"
3S Center Bagbaguin,14.71405,2025-06-30 02:59:50+00:00,21.84,121.00088,Valenzuela,NCR,"14,001,751",619.54,"21,765"
3S Center Bagbaguin,14.71405,2025-06-30 03:16:49+00:00,21.82,121.00088,Valenzuela,NCR,"14,001,751",619.54,"21,765"
3S Center Bagbaguin,14.71405,2025-06-30 03:33:47+00:00,26.57,121.00088,Valenzuela,NCR,"14,001,751",619.54,"21,765"
3S Center Bagbaguin,14.71405,2025-06-30 03:50:49+00:00,21.8,121.00088,Valenzuela,NCR,"14,001,751",619.54,"21,765"
3S Center Bagbaguin,14.71405,2025-06-30 08:05:38+00:00,17.91,121.00088,Valenzuela,NCR,"14,001,751",619.54,"21,765"
3S Center Bagbaguin,14.71405,2025-06-30 08:22:38+00:00,18.91,121.00088,Valenzuela,NCR,"14,001,751",619.54,"21,765"
3S Center Bagbaguin,14.71405,2025-06-30 08:39:40+00:00,30.05,121.00088,Valenzuela,NCR,"14,001,751",619.54,"21,765"
3S Center Bagbaguin,14.71405,2025-06-30 08:56:42+00:00,23.21,121.00088,Valenzuela,NCR,"14,001,751",619.54,"21,765"
3S Center Bagbaguin,14.71405,2025-06-30 10:04:44+00:00,87.25,121.00088,Valenzuela,NCR,"14,001,751",619.54,"21,765"
3S Center Bagbaguin,14.71405,2025-06-30 10:21:43+00:00,37.22,121.00088,Valenzuela,NCR,"14,001,751",619.54,"21,765"
3S Center Bagbaguin,14.71405,2025-06-30 10:38:42+00:00,25.83,121.00088,Valenzuela,NCR,"14,001,751",619.54,"21,765"
3S Center Bagbaguin,14.71405,2025-06-30 10:55:41+00:00,29.72,121.00088,Valenzuela,NCR,"14,001,751",619.54,"21,765"
3S Center Bagbaguin,14.71405,2025-06-30 12:03:38+00:00,46.75,121.00088,Valenzuela,NCR,"14,001,751",619.54,"21,765"
3S Center Bagbaguin,14.71405,2025-06-30 12:20:40+00:00,2.63,121.00088,Valenzuela,NCR,"14,001,751",619.54,"21,765"
3S Center Bagbaguin,14.71405,2025-06-30 12:37:42+00:00,4.03,121.00088,Valenzuela,NCR,"14,001,751",619.54,"21,765"
3S Center Bagbaguin,14.71405,2025-06-30 12:54:41+00:00,1.4,121.00088,Valenzuela,NCR,"14,001,751",619.54,"21,765"
3S Center Bagbaguin,14.71405,2025-06-30 16:01:42+00:00,10.18,121.00088,Valenzuela,NCR,"14,001,751",619.54,"21,765"
3S Center Bagbaguin,14.71405,2025-06-30 16:18:41+00:00,9.3,121.00088,Valenzuela,NCR,"14,001,751",619.54,"21,765"
3S Center Bagbaguin,14.71405,2025-06-30 16:35:40+00:00,11.24,121.00088,Valenzuela,NCR,"14,001,751",619.54,"21,765"
3S Center Bagbaguin,14.71405,2025-06-30 16:52:39+00:00,18.59,121.00088,Valenzuela,NCR,"14,001,751",619.54,"21,765"
3S Center Bagbaguin,14.71405,2025-06-30 18:00:39+00:00,14.71,121.00088,Valenzuela,NCR,"14,001,751",619.54,"21,765"
3S Center Bagbaguin,14.71405,2025-06-30 18:17:38+00:00,10.6,121.00088,Valenzuela,NCR,"14,001,751",619.54,"21,765"
3S Center Bagbaguin,14.71405,2025-06-30 18:34:37+00:00,10.37,121.00088,Valenzuela,NCR,"14,001,751",619.54,"21,765"
3S Center Bagbaguin,14.71405,2025-06-30 18:51:37+00:00,19.57,121.00088,Valenzuela,NCR,"14,001,751",619.54,"21,765"
3S Center Bagbaguin,14.71405,2025-06-30 19:08:36+00:00,15.62,121.00088,Valenzuela,NCR,"14,001,751",619.54,"21,765"
3S Center Bagbaguin,14.71405,2025-06-30 19:25:35+00:00,15.68,121.00088,Valenzuela,NCR,"14,001,751",619.54,"21,765"
3S Center Bagbaguin,14.71405,2025-06-30 19:42:37+00:00,19.72,121.00088,Valenzuela,NCR,"14,001,751",619.54,"21,765"
3S Center Bagbaguin,14.71405,2025-06-30 19:59:39+00:00,12.92,121.00088,Valenzuela,NCR,"14,001,751",619.54,"21,765"
3S Center Bagbaguin,14.71405,2025-06-30 20:16:41+00:00,16.56,121.00088,Valenzuela,NCR,"14,001,751",619.54,"21,765"
3S Center Bagbaguin,14.71405,2025-06-30 20:33:40+00:00,19.06,121.00088,Valenzuela,NCR,"14,001,751",619.54,"21,765"
3S Center Bagbaguin,14.71405,2025-06-30 20:50:39+00:00,20.23,121.00088,Valenzuela,NCR,"14,001,751",619.54,"21,765"
3S Center Bagbaguin,14.71405,2025-06-30 21:07:42+00:00,31.91,121.00088,Valenzuela,NCR,"14,001,751",619.54,"21,765"
3S Center Bagbaguin,14.71405,2025-06-30 21:24:41+00:00,15.49,121.00088,Valenzuela,NCR,"14,001,751",619.54,"21,765"
3S Center Bagbaguin,14.71405,2025-06-30 21:41:39+00:00,21.88,121.00088,Valenzuela,NCR,"14,001,751",619.54,"21,765"
3S Center Bagbaguin,14.71405,2025-06-30 21:58:38+00:00,20.12,121.00088,Valenzuela,NCR,"14,001,751",619.54,"21,765"
3S Center Bagbaguin,14.71405,2025-06-30 22:15:37+00:00,30.31,121.00088,Valenzuela,NCR,"14,001,751",619.54,"21,765"
3S Center Bagbaguin,14.71405,2025-06-30 22:32:37+00:00,26.46,121.00088,Valenzuela,NCR,"14,001,751",619.54,"21,765"
3S Center Bagbaguin,14.71405,2025-06-30 22:49:36+00:00,29.85,121.00088,Valenzuela,NCR,"14,001,751",619.54,"21,765"
3S Center Bagbaguin,14.71405,2025-06-30 23:06:38+00:00,25.63,121.00088,Valenzuela,NCR,"14,001,751",619.54,"21,765"
3S Center Bagbaguin,14.71405,2025-06-30 23:23:36+00:00,20.76,121.00088,Valenzuela,NCR,"14,001,751",619.54,"21,765"
3S Center Bagbaguin,14.71405,2025-06-30 23:40:35+00:00,7.38,121.00088,Valenzuela,NCR,"14,001,751",619.54,"21,765"
3S Center Bagbaguin,14.71405,2025-06-30 23:57:34+00:00,16.47,121.00088,Valenzuela,NCR,"14,001,751",619.54,"21,765"
3S Center Bagbaguin,14.71405,2025-07-01 01:56:35+00:00,27.21,121.00088,Valenzuela,NCR,"14,001,751",619.54,"21,765"
3S Center Bagbaguin,14.71405,2025-07-01 02:13:35+00:00,28.56,121.00088,Valenzuela,NCR,"14,001,751",619.54,"21,765"
3S Center Bagbaguin,14.71405,2025-07-01 02:30:34+00:00,27.8,121.00088,Valenzuela,NCR,"14,001,751",619.54,"21,765"
3S Center Bagbaguin,14.71405,2025-07-01 02:47:32+00:00,26.29,121.00088,Valenzuela,NCR,"14,001,751",619.54,"21,765"
3S Center Bagbaguin,14.71405,2025-07-01 08:10:46+00:00,6.15,121.00088,Valenzuela,NCR,"14,001,751",619.54,"21,765"
3S Center Bagbaguin,14.71405,2025-07-01 08:27:45+00:00,4.64,121.00088,Valenzuela,NCR,"14,001,751",619.54,"21,765"
3S Center Bagbaguin,14.71405,2025-07-01 08:44:43+00:00,6.99,121.00088,Valenzuela,NCR,"14,001,751",619.54,"21,765"
3S Center Bagbaguin,14.71405,2025-07-01 09:01:42+00:00,23.93,121.00088,Valenzuela,NCR,"14,001,751",619.54,"21,765"
3S Center Bagbaguin,14.71405,2025-07-01 10:09:40+00:00,9.93,121.00088,Valenzuela,NCR,"14,001,751",619.54,"21,765"
3S Center Bagbaguin,14.71405,2025-07-01 10:26:39+00:00,6.87,121.00088,Valenzuela,NCR,"14,001,751",619.54,"21,765"
3S Center Bagbaguin,14.71405,2025-07-01 10:43:41+00:00,16.23,121.00088,Valenzuela,NCR,"14,001,751",619.54,"21,765"
3S Center Bagbaguin,14.71405,2025-07-01 13:03:37+00:00,23.15,121.00088,Valenzuela,NCR,"14,001,751",619.54,"21,765"
3S Center Bagbaguin,14.71405,2025-07-01 13:20:36+00:00,19.86,121.00088,Valenzuela,NCR,"14,001,751",619.54,"21,765"
3S Center Bagbaguin,14.71405,2025-07-01 13:37:35+00:00,18.78,121.00088,Valenzuela,NCR,"14,001,751",619.54,"21,765"
3S Center Bagbaguin,14.71405,2025-07-01 13:54:37+00:00,21.29,121.00088,Valenzuela,NCR,"14,001,751",619.54,"21,765"
3S Center Bagbaguin,14.71405,2025-07-01 15:02:39+00:00,14.49,121.00088,Valenzuela,NCR,"14,001,751",619.54,"21,765"
3S Center Bagbaguin,14.71405,2025-07-01 15:19:38+00:00,14.79,121.00088,Valenzuela,NCR,"14,001,751",619.54,"21,765"
3S Center Bagbaguin,14.71405,2025-07-01 15:36:40+00:00,14.4,121.00088,Valenzuela,NCR,"14,001,751",619.54,"21,765"
3S Center Bagbaguin,14.71405,2025-07-01 15:53:39+00:00,15.9,121.00088,Valenzuela,NCR,"14,001,751",619.54,"21,765"
3S Center Bagbaguin,14.71405,2025-07-01 16:10:38+00:00,18.06,121.00088,Valenzuela,NCR,"14,001,751",619.54,"21,765"
3S Center Bagbaguin,14.71405,2025-07-01 16:27:40+00:00,18.27,121.00088,Valenzuela,NCR,"14,001,751",619.54,"21,765"
3S Center Bagbaguin,14.71405,2025-07-01 16:44:39+00:00,18.82,121.00088,Valenzuela,NCR,"14,001,751",619.54,"21,765"
3S Center Bagbaguin,14.71405,2025-07-01 17:01:41+00:00,17.24,121.00088,Valenzuela,NCR,"14,001,751",619.54,"21,765"
3S Center Bagbaguin,14.71405,2025-07-01 17:18:40+00:00,23.83,121.00088,Valenzuela,NCR,"14,001,751",619.54,"21,765"
3S Center Bagbaguin,14.71405,2025-07-01 17:35:42+00:00,23.83,121.00088,Valenzuela,NCR,"14,001,751",619.54,"21,765"
3S Center Bagbaguin,14.71405,2025-07-01 17:52:44+00:00,30.13,121.00088,Valenzuela,NCR,"14,001,751",619.54,"21,765"
3S Center Bagbaguin,14.71405,2025-07-01 18:09:42+00:00,23.26,121.00088,Valenzuela,NCR,"14,001,751",619.54,"21,765"
3S Center Bagbaguin,14.71405,2025-07-01 18:26:45+00:00,23.13,121.00088,Valenzuela,NCR,"14,001,751",619.54,"21,765"
3S Center Bagbaguin,14.71405,2025-07-01 18:43:46+00:00,21.68,121.00088,Valenzuela,NCR,"14,001,751",619.54,"21,765"
3S Center Bagbaguin,14.71405,2025-07-01 19:00:45+00:00,25.83,121.00088,Valenzuela,NCR,"14,001,751",619.54,"21,765"
3S Center Bagbaguin,14.71405,2025-07-01 20:08:47+00:00,29.47,121.00088,Valenzuela,NCR,"14,001,751",619.54,"21,765"
3S Center Bagbaguin,14.71405,2025-07-01 20:25:45+00:00,23.47,121.00088,Valenzuela,NCR,"14,001,751",619.54,"21,765"
3S Center Bagbaguin,14.71405,2025-07-01 20:42:44+00:00,20.7,121.00088,Valenzuela,NCR,"14,001,751",619.54,"21,765"
3S Center Bagbaguin,14.71405,2025-07-01 20:59:46+00:00,29.31,121.00088,Valenzuela,NCR,"14,001,751",619.54,"21,765"
3S Center Bagbaguin,14.71405,2025-07-01 22:07:48+00:00,22.99,121.00088,Valenzuela,NCR,"14,001,751",619.54,"21,765"
3S Center Bagbaguin,14.71405,2025-07-01 22:24:47+00:00,25.07,121.00088,Valenzuela,NCR,"14,001,751",619.54,"21,765"
3S Center Bagbaguin,14.71405,2025-07-01 22:41:45+00:00,26.85,121.00088,Valenzuela,NCR,"14,001,751",619.54,"21,765"
3S Center Bagbaguin,14.71405,2025-07-01 22:58:44+00:00,18.61,121.00088,Valenzuela,NCR,"14,001,751",619.54,"21,765"
3S Center Bagbaguin,14.71405,2025-07-02 04:55:20+00:00,10.52,121.00088,Valenzuela,NCR,"14,001,751",619.54,"21,765"
3S Center Bagbaguin,14.71405,2025-07-02 05:12:19+00:00,9.6,121.00088,Valenzuela,NCR,"14,001,751",619.54,"21,765"
3S Center Bagbaguin,14.71405,2025-07-02 05:29:24+00:00,13.06,121.00088,Valenzuela,NCR,"14,001,751",619.54,"21,765"
3S Center Bagbaguin,14.71405,2025-07-02 05:46:24+00:00,4.96,121.00088,Valenzuela,NCR,"14,001,751",619.54,"21,765"
3S Center Bagbaguin,14.71405,2025-07-02 06:58:28+00:00,15.62,121.00088,Valenzuela,NCR,"14,001,751",619.54,"21,765"
3S Center Bagbaguin,14.71405,2025-07-02 07:15:30+00:00,2.26,121.00088,Valenzuela,NCR,"14,001,751",619.54,"21,765"
3S Center Bagbaguin,14.71405,2025-07-02 07:32:29+00:00,5.55,121.00088,Valenzuela,NCR,"14,001,751",619.54,"21,765"
3S Center Bagbaguin,14.71405,2025-07-02 07:49:28+00:00,22.4,121.00088,Valenzuela,NCR,"14,001,751",619.54,"21,765"
3S Center Bagbaguin,14.71405,2025-07-02 08:06:27+00:00,6.45,121.00088,Valenzuela,NCR,"14,001,751",619.54,"21,765"
3S Center Bagbaguin,14.71405,2025-07-02 08:23:26+00:00,9.9,121.00088,Valenzuela,NCR,"14,001,751",619.54,"21,765"
3S Center Bagbaguin,14.71405,2025-07-02 08:40:24+00:00,12.86,121.00088,Valenzuela,NCR,"14,001,751",619.54,"21,765"
3S Center Bagbaguin,14.71405,2025-07-02 08:57:26+00:00,14.92,121.00088,Valenzuela,NCR,"14,001,751",619.54,"21,765"
3S Center Bagbaguin,14.71405,2025-07-02 09:14:25+00:00,11.98,121.00088,Valenzuela,NCR,"14,001,751",619.54,"21,765"
3S Center Bagbaguin,14.71405,2025-07-02 09:31:27+00:00,13.11,121.00088,Valenzuela,NCR,"14,001,751",619.54,"21,765"
3S Center Bagbaguin,14.71405,2025-07-02 09:48:25+00:00,12.29,121.00088,Valenzuela,NCR,"14,001,751",619.54,"21,765"
3S Center Bagbaguin,14.71405,2025-07-02 10:05:27+00:00,29.45,121.00088,Valenzuela,NCR,"14,001,751",619.54,"21,765"
3S Center Bagbaguin,14.71405,2025-07-02 10:22:26+00:00,8.98,121.00088,Valenzuela,NCR,"14,001,751",619.54,"21,765"
3S Center Bagbaguin,14.71405,2025-07-02 10:39:28+00:00,10.37,121.00088,Valenzuela,NCR,"14,001,751",619.54,"21,765"
3S Center Bagbaguin,14.71405,2025-07-02 10:56:27+00:00,12.13,121.00088,Valenzuela,NCR,"14,001,751",619.54,"21,765"
3S Center Bagbaguin,14.71405,2025-07-02 11:13:25+00:00,19.73,121.00088,Valenzuela,NCR,"14,001,751",619.54,"21,765"
3S Center Bagbaguin,14.71405,2025-07-02 11:30:24+00:00,9.51,121.00088,Valenzuela,NCR,"14,001,751",619.54,"21,765"
3S Center Bagbaguin,14.71405,2025-07-02 11:47:26+00:00,12.5,121.00088,Valenzuela,NCR,"14,001,751",619.54,"21,765"
3S Center Bagbaguin,14.71405,2025-07-02 12:55:21+00:00,5.7,121.00088,Valenzuela,NCR,"14,001,751",619.54,"21,765"
3S Center Bagbaguin,14.71405,2025-07-02 13:12:20+00:00,13.73,121.00088,Valenzuela,NCR,"14,001,751",619.54,"21,765"
3S Center Bagbaguin,14.71405,2025-07-02 13:29:22+00:00,18.85,121.00088,Valenzuela,NCR,"14,001,751",619.54,"21,765"
3S Center Bagbaguin,14.71405,2025-07-02 13:46:24+00:00,24.91,121.00088,Valenzuela,NCR,"14,001,751",619.54,"21,765"
3S Center Bagbaguin,14.71405,2025-07-02 18:01:33+00:00,9.73,121.00088,Valenzuela,NCR,"14,001,751",619.54,"21,765"
3S Center Bagbaguin,14.71405,2025-07-02 18:18:32+00:00,9.06,121.00088,Valenzuela,NCR,"14,001,751",619.54,"21,765"
3S Center Bagbaguin,14.71405,2025-07-02 18:35:34+00:00,13.88,121.00088,Valenzuela,NCR,"14,001,751",619.54,"21,765"
3S Center Bagbaguin,14.71405,2025-07-02 18:52:33+00:00,12.87,121.00088,Valenzuela,NCR,"14,001,751",619.54,"21,765"
3S Center Bagbaguin,14.71405,2025-07-02 19:09:32+00:00,16.67,121.00088,Valenzuela,NCR,"14,001,751",619.54,"21,765"
3S Center Bagbaguin,14.71405,2025-07-02 19:26:34+00:00,12.0,121.00088,Valenzuela,NCR,"14,001,751",619.54,"21,765"
3S Center Bagbaguin,14.71405,2025-07-02 19:43:33+00:00,9.51,121.00088,Valenzuela,NCR,"14,001,751",619.54,"21,765"
3S Center Bagbaguin,14.71405,2025-07-02 20:00:35+00:00,43.23,121.00088,Valenzuela,NCR,"14,001,751",619.54,"21,765"
3S Center Bagbaguin,14.71405,2025-07-03 05:08:32+00:00,4.12,121.00088,Valenzuela,NCR,"14,001,751",619.54,"21,765"
3S Center Bagbaguin,14.71405,2025-07-03 05:25:35+00:00,3.6,121.00088,Valenzuela,NCR,"14,001,751",619.54,"21,765"
3S Center Bagbaguin,14.71405,2025-07-03 05:42:34+00:00,6.0,121.00088,Valenzuela,NCR,"14,001,751",619.54,"21,765"
3S Center Bagbaguin,14.71405,2025-07-03 05:59:33+00:00,5.48,121.00088,Valenzuela,NCR,"14,001,751",619.54,"21,765"
3S Center Bagbaguin,14.71405,2025-07-03 07:58:33+00:00,4.73,121.00088,Valenzuela,NCR,"14,001,751",619.54,"21,765"
3S Center Bagbaguin,14.71405,2025-07-03 08:15:32+00:00,5.66,121.00088,Valenzuela,NCR,"14,001,751",619.54,"21,765"
3S Center Bagbaguin,14.71405,2025-07-03 08:32:35+00:00,7.96,121.00088,Valenzuela,NCR,"14,001,751",619.54,"21,765"
3S Center Bagbaguin,14.71405,2025-07-03 08:49:37+00:00,7.99,121.00088,Valenzuela,NCR,"14,001,751",619.54,"21,765"
3S Center Bagbaguin,14.71405,2025-07-03 17:02:54+00:00,18.47,121.00088,Valenzuela,NCR,"14,001,751",619.54,"21,765"
3S Center Bagbaguin,14.71405,2025-07-03 17:19:57+00:00,20.25,121.00088,Valenzuela,NCR,"14,001,751",619.54,"21,765"
3S Center Bagbaguin,14.71405,2025-07-03 17:36:59+00:00,19.19,121.00088,Valenzuela,NCR,"14,001,751",619.54,"21,765"
3S Center Bagbaguin,14.71405,2025-07-03 17:53:58+00:00,19.43,121.00088,Valenzuela,NCR,"14,001,751",619.54,"21,765"
3S Center Bagbaguin,14.71405,2025-07-03 18:10:58+00:00,14.09,121.00088,Valenzuela,NCR,"14,001,751",619.54,"21,765"
3S Center Bagbaguin,14.71405,2025-07-03 18:28:22+00:00,16.82,121.00088,Valenzuela,NCR,"14,001,751",619.54,"21,765"
3S Center Bagbaguin,14.71405,2025-07-03 18:45:21+00:00,10.35,121.00088,Valenzuela,NCR,"14,001,751",619.54,"21,765"
3S Center Bagbaguin,14.71405,2025-07-03 19:02:20+00:00,11.4,121.00088,Valenzuela,NCR,"14,001,751",619.54,"21,765"
3S Center Bagbaguin,14.71405,2025-07-03 19:19:19+00:00,18.47,121.00088,Valenzuela,NCR,"14,001,751",619.54,"21,765"
3S Center Bagbaguin,14.71405,2025-07-03 19:36:18+00:00,15.7,121.00088,Valenzuela,NCR,"14,001,751",619.54,"21,765"
3S Center Bagbaguin,14.71405,2025-07-03 19:53:18+00:00,15.11,121.00088,Valenzuela,NCR,"14,001,751",619.54,"21,765"
3S Center Bagbaguin,14.71405,2025-07-03 21:01:16+00:00,21.74,121.00088,Valenzuela,NCR,"14,001,751",619.54,"21,765"
3S Center Bagbaguin,14.71405,2025-07-03 21:18:15+00:00,20.85,121.00088,Valenzuela,NCR,"14,001,751",619.54,"21,765"
3S Center Bagbaguin,14.71405,2025-07-03 21:35:14+00:00,25.39,121.00088,Valenzuela,NCR,"14,001,751",619.54,"21,765"
3S Center Bagbaguin,14.71405,2025-07-03 21:52:14+00:00,14.73,121.00088,Valenzuela,NCR,"14,001,751",619.54,"21,765"
3S Center Bagbaguin,14.71405,2025-07-03 23:00:11+00:00,21.39,121.00088,Valenzuela,NCR,"14,001,751",619.54,"21,765"
3S Center Bagbaguin,14.71405,2025-07-03 23:17:11+00:00,3.57,121.00088,Valenzuela,NCR,"14,001,751",619.54,"21,765"
3S Center Bagbaguin,14.71405,2025-07-03 23:34:10+00:00,9.64,121.00088,Valenzuela,NCR,"14,001,751",619.54,"21,765"
3S Center Bagbaguin,14.71405,2025-07-03 23:51:09+00:00,7.15,121.00088,Valenzuela,NCR,"14,001,751",619.54,"21,765"
3S Center Bagbaguin,14.71405,2025-07-04 02:07:01+00:00,8.31,121.00088,Valenzuela,NCR,"14,001,751",619.54,"21,765"
3S Center Bagbaguin,14.71405,2025-07-04 02:24:00+00:00,11.96,121.00088,Valenzuela,NCR,"14,001,751",619.54,"21,765"
3S Center Bagbaguin,14.71405,2025-07-04 02:40:58+00:00,8.38,121.00088,Valenzuela,NCR,"14,001,751",619.54,"21,765"
3S Center Bagbaguin,14.71405,2025-07-04 02:57:57+00:00,6.2,121.00088,Valenzuela,NCR,"14,001,751",619.54,"21,765"
3S Center Bagbaguin,14.71405,2025-07-04 04:05:52+00:00,7.35,121.00088,Valenzuela,NCR,"14,001,751",619.54,"21,765"
3S Center Bagbaguin,14.71405,2025-07-04 04:22:51+00:00,4.86,121.00088,Valenzuela,NCR,"14,001,751",619.54,"21,765"
3S Center Bagbaguin,14.71405,2025-07-04 04:39:49+00:00,5.81,121.00088,Valenzuela,NCR,"14,001,751",619.54,"21,765"
3S Center Bagbaguin,14.71405,2025-07-04 04:56:48+00:00,2.62,121.00088,Valenzuela,NCR,"14,001,751",619.54,"21,765"
3S Center Bagbaguin,14.71405,2025-07-04 06:55:50+00:00,4.39,121.00088,Valenzuela,NCR,"14,001,751",619.54,"21,765"
3S Center Bagbaguin,14.71405,2025-07-04 07:12:52+00:00,4.53,121.00088,Valenzuela,NCR,"14,001,751",619.54,"21,765"
3S Center Bagbaguin,14.71405,2025-07-04 07:29:51+00:00,4.0,121.00088,Valenzuela,NCR,"14,001,751",619.54,"21,765"
3S Center Bagbaguin,14.71405,2025-07-04 07:46:49+00:00,3.14,121.00088,Valenzuela,NCR,"14,001,751",619.54,"21,765"
3S Center Bagbaguin,14.71405,2025-07-04 08:03:48+00:00,3.62,121.00088,Valenzuela,NCR,"14,001,751",619.54,"21,765"
3S Center Bagbaguin,14.71405,2025-07-04 08:20:46+00:00,5.43,121.00088,Valenzuela,NCR,"14,001,751",619.54,"21,765"
3S Center Bagbaguin,14.71405,2025-07-04 08:37:52+00:00,6.93,121.00088,Valenzuela,NCR,"14,001,751",619.54,"21,765"
3S Center Bagbaguin,14.71405,2025-07-04 08:54:57+00:00,5.35,121.00088,Valenzuela,NCR,"14,001,751",619.54,"21,765"
3S Center Bagbaguin,14.71405,2025-07-04 09:11:58+00:00,4.87,121.00088,Valenzuela,NCR,"14,001,751",619.54,"21,765"
3S Center Bagbaguin,14.71405,2025-07-04 09:28:59+00:00,18.1,121.00088,Valenzuela,NCR,"14,001,751",619.54,"21,765"
3S Center Bagbaguin,14.71405,2025-07-04 09:45:57+00:00,7.33,121.00088,Valenzuela,NCR,"14,001,751",619.54,"21,765"
3S Center Bagbaguin,14.71405,2025-07-04 10:02:56+00:00,7.27,121.00088,Valenzuela,NCR,"14,001,751",619.54,"21,765"
3S Center Bagbaguin,14.71405,2025-07-04 10:19:55+00:00,5.36,121.00088,Valenzuela,NCR,"14,001,751",619.54,"21,765"
3S Center Bagbaguin,14.71405,2025-07-04 10:36:54+00:00,12.2,121.00088,Valenzuela,NCR,"14,001,751",619.54,"21,765"
3S Center Bagbaguin,14.71405,2025-07-04 10:53:52+00:00,7.57,121.00088,Valenzuela,NCR,"14,001,751",619.54,"21,765"
3S Center Bagbaguin,14.71405,2025-07-04 11:10:51+00:00,19.36,121.00088,Valenzuela,NCR,"14,001,751",619.54,"21,765"
3S Center Bagbaguin,14.71405,2025-07-04 11:27:50+00:00,12.89,121.00088,Valenzuela,NCR,"14,001,751",619.54,"21,765"
3S Center Bagbaguin,14.71405,2025-07-04 11:44:48+00:00,25.65,121.00088,Valenzuela,NCR,"14,001,751",619.54,"21,765"
3S Center Bagbaguin,14.71405,2025-07-04 12:01:47+00:00,12.26,121.00088,Valenzuela,NCR,"14,001,751",619.54,"21,765"
3S Center Bagbaguin,14.71405,2025-07-04 13:09:42+00:00,21.02,121.00088,Valenzuela,NCR,"14,001,751",619.54,"21,765"
3S Center Bagbaguin,14.71405,2025-07-04 13:26:41+00:00,17.09,121.00088,Valenzuela,NCR,"14,001,751",619.54,"21,765"
3S Center Bagbaguin,14.71405,2025-07-04 13:43:44+00:00,21.95,121.00088,Valenzuela,NCR,"14,001,751",619.54,"21,765"
3S Center Bagbaguin,14.71405,2025-07-04 14:00:43+00:00,16.01,121.00088,Valenzuela,NCR,"14,001,751",619.54,"21,765"
3S Center Bagbaguin,14.71405,2025-07-04 15:59:35+00:00,29.07,121.00088,Valenzuela,NCR,"14,001,751",619.54,"21,765"
3S Center Bagbaguin,14.71405,2025-07-04 16:16:33+00:00,30.85,121.00088,Valenzuela,NCR,"14,001,751",619.54,"21,765"
3S Center Bagbaguin,14.71405,2025-07-04 16:33:32+00:00,28.11,121.00088,Valenzuela,NCR,"14,001,751",619.54,"21,765"
3S Center Bagbaguin,14.71405,2025-07-04 16:50:31+00:00,26.68,121.00088,Valenzuela,NCR,"14,001,751",619.54,"21,765"
3S Center Bagbaguin,14.71405,2025-07-04 17:07:30+00:00,24.24,121.00088,Valenzuela,NCR,"14,001,751",619.54,"21,765"
3S Center Bagbaguin,14.71405,2025-07-04 17:24:28+00:00,22.93,121.00088,Valenzuela,NCR,"14,001,751",619.54,"21,765"
3S Center Bagbaguin,14.71405,2025-07-04 17:41:27+00:00,23.51,121.00088,Valenzuela,NCR,"14,001,751",619.54,"21,765"
3S Center Bagbaguin,14.71405,2025-07-04 17:58:26+00:00,25.42,121.00088,Valenzuela,NCR,"14,001,751",619.54,"21,765"
3S Center Bagbaguin,14.71405,2025-07-04 19:06:21+00:00,18.38,121.00088,Valenzuela,NCR,"14,001,751",619.54,"21,765"
3S Center Bagbaguin,14.71405,2025-07-04 19:23:19+00:00,27.57,121.00088,Valenzuela,NCR,"14,001,751",619.54,"21,765"
3S Center Bagbaguin,14.71405,2025-07-04 19:40:18+00:00,45.69,121.00088,Valenzuela,NCR,"14,001,751",619.54,"21,765"
3S Center Bagbaguin,14.71405,2025-07-04 19:57:17+00:00,32.47,121.00088,Valenzuela,NCR,"14,001,751",619.54,"21,765"
3S Center Bagbaguin,14.71405,2025-07-04 21:56:08+00:00,22.95,121.00088,Valenzuela,NCR,"14,001,751",619.54,"21,765"
3S Center Bagbaguin,14.71405,2025-07-04 22:13:07+00:00,52.96,121.00088,Valenzuela,NCR,"14,001,751",619.54,"21,765"
3S Center Bagbaguin,14.71405,2025-07-04 22:30:06+00:00,32.69,121.00088,Valenzuela,NCR,"14,001,751",619.54,"21,765"
3S Center Bagbaguin,14.71405,2025-07-04 22:47:05+00:00,28.26,121.00088,Valenzuela,NCR,"14,001,751",619.54,"21,765"
3S Center Bagbaguin,14.71405,2025-07-05 00:11:57+00:00,19.76,121.00088,Valenzuela,NCR,"14,001,751",619.54,"21,765"
3S Center Bagbaguin,14.71405,2025-07-05 00:28:55+00:00,22.14,121.00088,Valenzuela,NCR,"14,001,751",619.54,"21,765"
3S Center Bagbaguin,14.71405,2025-07-05 00:45:53+00:00,21.13,121.00088,Valenzuela,NCR,"14,001,751",619.54,"21,765"
3S Center Bagbaguin,14.71405,2025-07-05 01:02:52+00:00,16.82,121.00088,Valenzuela,NCR,"14,001,751",619.54,"21,765"
3S Center Bagbaguin,14.71405,2025-07-05 01:19:50+00:00,10.75,121.00088,Valenzuela,NCR,"14,001,751",619.54,"21,765"
3S Center Bagbaguin,14.71405,2025-07-05 01:36:51+00:00,8.1,121.00088,Valenzuela,NCR,"14,001,751",619.54,"21,765"
3S Center Bagbaguin,14.71405,2025-07-05 01:53:49+00:00,7.19,121.00088,Valenzuela,NCR,"14,001,751",619.54,"21,765"
3S Center Bagbaguin,14.71405,2025-07-05 02:10:47+00:00,9.15,121.00088,Valenzuela,NCR,"14,001,751",619.54,"21,765"
3S Center Bagbaguin,14.71405,2025-07-05 02:27:45+00:00,11.67,121.00088,Valenzuela,NCR,"14,001,751",619.54,"21,765"
3S Center Bagbaguin,14.71405,2025-07-05 02:44:44+00:00,9.64,121.00088,Valenzuela,NCR,"14,001,751",619.54,"21,765"
3S Center Bagbaguin,14.71405,2025-07-05 03:01:42+00:00,7.87,121.00088,Valenzuela,NCR,"14,001,751",619.54,"21,765"
3S Center Bagbaguin,14.71405,2025-07-05 03:18:41+00:00,4.14,121.00088,Valenzuela,NCR,"14,001,751",619.54,"21,765"
3S Center Bagbaguin,14.71405,2025-07-05 03:35:43+00:00,6.6,121.00088,Valenzuela,NCR,"14,001,751",619.54,"21,765"
3S Center Bagbaguin,14.71405,2025-07-05 03:52:42+00:00,1.63,121.00088,Valenzuela,NCR,"14,001,751",619.54,"21,765"
3S Center Bagbaguin,14.71405,2025-07-05 04:09:41+00:00,2.63,121.00088,Valenzuela,NCR,"14,001,751",619.54,"21,765"
3S Center Bagbaguin,14.71405,2025-07-05 04:26:40+00:00,5.46,121.00088,Valenzuela,NCR,"14,001,751",619.54,"21,765"
3S Center Bagbaguin,14.71405,2025-07-05 04:43:45+00:00,9.85,121.00088,Valenzuela,NCR,"14,001,751",619.54,"21,765"
3S Center Bagbaguin,14.71405,2025-07-05 05:00:43+00:00,10.25,121.00088,Valenzuela,NCR,"14,001,751",619.54,"21,765"
3S Center Bagbaguin,14.71405,2025-07-05 05:17:43+00:00,24.5,121.00088,Valenzuela,NCR,"14,001,751",619.54,"21,765"
3S Center Bagbaguin,14.71405,2025-07-05 05:34:42+00:00,63.91,121.00088,Valenzuela,NCR,"14,001,751",619.54,"21,765"
3S Center Bagbaguin,14.71405,2025-07-05 05:51:41+00:00,45.73,121.00088,Valenzuela,NCR,"14,001,751",619.54,"21,765"
3S Center Bagbaguin,14.71405,2025-07-05 06:59:39+00:00,31.15,121.00088,Valenzuela,NCR,"14,001,751",619.54,"21,765"
3S Center Bagbaguin,14.71405,2025-07-05 07:16:38+00:00,31.57,121.00088,Valenzuela,NCR,"14,001,751",619.54,"21,765"
3S Center Bagbaguin,14.71405,2025-07-05 07:33:37+00:00,24.14,121.00088,Valenzuela,NCR,"14,001,751",619.54,"21,765"
3S Center Bagbaguin,14.71405,2025-07-05 07:50:36+00:00,21.26,121.00088,Valenzuela,NCR,"14,001,751",619.54,"21,765"
3S Center Bagbaguin,14.71405,2025-07-05 08:07:34+00:00,22.87,121.00088,Valenzuela,NCR,"14,001,751",619.54,"21,765"
3S Center Bagbaguin,14.71405,2025-07-05 08:24:33+00:00,49.74,121.00088,Valenzuela,NCR,"14,001,751",619.54,"21,765"
3S Center Bagbaguin,14.71405,2025-07-05 08:41:32+00:00,59.83,121.00088,Valenzuela,NCR,"14,001,751",619.54,"21,765"
3S Center Bagbaguin,14.71405,2025-07-05 08:58:31+00:00,28.79,121.00088,Valenzuela,NCR,"14,001,751",619.54,"21,765"
3S Center Bagbaguin,14.71405,2025-07-05 10:06:26+00:00,85.88,121.00088,Valenzuela,NCR,"14,001,751",619.54,"21,765"
3S Center Bagbaguin,14.71405,2025-07-05 10:23:25+00:00,60.16,121.00088,Valenzuela,NCR,"14,001,751",619.54,"21,765"
3S Center Bagbaguin,14.71405,2025-07-05 10:40:24+00:00,62.3,121.00088,Valenzuela,NCR,"14,001,751",619.54,"21,765"
3S Center Bagbaguin,14.71405,2025-07-05 10:57:22+00:00,83.25,121.00088,Valenzuela,NCR,"14,001,751",619.54,"21,765"
3S Center Bagbaguin,14.71405,2025-07-05 11:14:21+00:00,94.58,121.00088,Valenzuela,NCR,"14,001,751",619.54,"21,765"
3S Center Bagbaguin,14.71405,2025-07-05 11:31:20+00:00,89.2,121.00088,Valenzuela,NCR,"14,001,751",619.54,"21,765"
3S Center Bagbaguin,14.71405,2025-07-05 11:48:19+00:00,44.55,121.00088,Valenzuela,NCR,"14,001,751",619.54,"21,765"
3S Center Bagbaguin,14.71405,2025-07-05 12:05:18+00:00,50.89,121.00088,Valenzuela,NCR,"14,001,751",619.54,"21,765"
3S Center Bagbaguin,14.71405,2025-07-05 12:22:17+00:00,28.79,121.00088,Valenzuela,NCR,"14,001,751",619.54,"21,765"
3S Center Bagbaguin,14.71405,2025-07-05 12:39:15+00:00,130.53,121.00088,Valenzuela,NCR,"14,001,751",619.54,"21,765"
3S Center Bagbaguin,14.71405,2025-07-05 12:56:14+00:00,26.97,121.00088,Valenzuela,NCR,"14,001,751",619.54,"21,765"
3S Center Bagbaguin,14.71405,2025-07-05 13:13:13+00:00,20.58,121.00088,Valenzuela,NCR,"14,001,751",619.54,"21,765"
3S Center Bagbaguin,14.71405,2025-07-05 13:30:12+00:00,21.7,121.00088,Valenzuela,NCR,"14,001,751",619.54,"21,765"
3S Center Bagbaguin,14.71405,2025-07-05 13:47:11+00:00,17.75,121.00088,Valenzuela,NCR,"14,001,751",619.54,"21,765"
3S Center Bagbaguin,14.71405,2025-07-05 19:09:50+00:00,140.66,121.00088,Valenzuela,NCR,"14,001,751",619.54,"21,765"
3S Center Bagbaguin,14.71405,2025-07-05 19:26:49+00:00,23.49,121.00088,Valenzuela,NCR,"14,001,751",619.54,"21,765"
3S Center Bagbaguin,14.71405,2025-07-05 19:43:47+00:00,18.48,121.00088,Valenzuela,NCR,"14,001,751",619.54,"21,765"
3S Center Bagbaguin,14.71405,2025-07-05 20:00:46+00:00,19.45,121.00088,Valenzuela,NCR,"14,001,751",619.54,"21,765"
3S Center Bagbaguin,14.71405,2025-07-05 20:17:45+00:00,21.1,121.00088,Valenzuela,NCR,"14,001,751",619.54,"21,765"
3S Center Bagbaguin,14.71405,2025-07-05 20:34:44+00:00,21.74,121.00088,Valenzuela,NCR,"14,001,751",619.54,"21,765"
3S Center Bagbaguin,14.71405,2025-07-05 20:51:43+00:00,21.35,121.00088,Valenzuela,NCR,"14,001,751",619.54,"21,765"
3S Center Bagbaguin,14.71405,2025-07-05 21:08:41+00:00,19.47,121.00088,Valenzuela,NCR,"14,001,751",619.54,"21,765"
3S Center Bagbaguin,14.71405,2025-07-05 21:25:40+00:00,17.36,121.00088,Valenzuela,NCR,"14,001,751",619.54,"21,765"
3S Center Bagbaguin,14.71405,2025-07-05 21:42:39+00:00,57.19,121.00088,Valenzuela,NCR,"14,001,751",619.54,"21,765"
3S Center Bagbaguin,14.71405,2025-07-05 21:59:38+00:00,16.01,121.00088,Valenzuela,NCR,"14,001,751",619.54,"21,765"
3S Center Bagbaguin,14.71405,2025-07-05 22:16:37+00:00,12.55,121.00088,Valenzuela,NCR,"14,001,751",619.54,"21,765"
3S Center Bagbaguin,14.71405,2025-07-05 22:33:36+00:00,15.57,121.00088,Valenzuela,NCR,"14,001,751",619.54,"21,765"
3S Center Bagbaguin,14.71405,2025-07-05 22:50:35+00:00,16.9,121.00088,Valenzuela,NCR,"14,001,751",619.54,"21,765"
3S Center Bagbaguin,14.71405,2025-07-06 02:01:30+00:00,9.33,121.00088,Valenzuela,NCR,"14,001,751",619.54,"21,765"
3S Center Bagbaguin,14.71405,2025-07-06 02:18:28+00:00,11.22,121.00088,Valenzuela,NCR,"14,001,751",619.54,"21,765"
3S Center Bagbaguin,14.71405,2025-07-06 02:35:31+00:00,5.21,121.00088,Valenzuela,NCR,"14,001,751",619.54,"21,765"
3S Center Bagbaguin,14.71405,2025-07-06 02:52:30+00:00,1.76,121.00088,Valenzuela,NCR,"14,001,751",619.54,"21,765"
3S Center Bagbaguin,14.71405,2025-07-06 07:07:14+00:00,4.02,121.00088,Valenzuela,NCR,"14,001,751",619.54,"21,765"
3S Center Bagbaguin,14.71405,2025-07-06 07:24:14+00:00,4.23,121.00088,Valenzuela,NCR,"14,001,751",619.54,"21,765"
3S Center Bagbaguin,14.71405,2025-07-06 07:41:13+00:00,5.85,121.00088,Valenzuela,NCR,"14,001,751",619.54,"21,765"
3S Center Bagbaguin,14.71405,2025-07-06 07:58:11+00:00,7.55,121.00088,Valenzuela,NCR,"14,001,751",619.54,"21,765"
3S Center Bagbaguin,14.71405,2025-07-06 08:15:13+00:00,5.54,121.00088,Valenzuela,NCR,"14,001,751",619.54,"21,765"
3S Center Bagbaguin,14.71405,2025-07-06 08:32:15+00:00,6.96,121.00088,Valenzuela,NCR,"14,001,751",619.54,"21,765"
3S Center Bagbaguin,14.71405,2025-07-06 08:49:14+00:00,8.92,121.00088,Valenzuela,NCR,"14,001,751",619.54,"21,765"
3S Center Bagbaguin,14.71405,2025-07-06 09:06:13+00:00,8.71,121.00088,Valenzuela,NCR,"14,001,751",619.54,"21,765"
3S Center Bagbaguin,14.71405,2025-07-06 09:23:11+00:00,6.13,121.00088,Valenzuela,NCR,"14,001,751",619.54,"21,765"
3S Center Bagbaguin,14.71405,2025-07-06 09:40:13+00:00,8.49,121.00088,Valenzuela,NCR,"14,001,751",619.54,"21,765"
3S Center Bagbaguin,14.71405,2025-07-06 09:57:12+00:00,5.94,121.00088,Valenzuela,NCR,"14,001,751",619.54,"21,765"
3S Center Bagbaguin,14.71405,2025-07-06 10:14:11+00:00,8.03,121.00088,Valenzuela,NCR,"14,001,751",619.54,"21,765"
3S Center Bagbaguin,14.71405,2025-07-06 10:31:09+00:00,9.54,121.00088,Valenzuela,NCR,"14,001,751",619.54,"21,765"
3S Center Bagbaguin,14.71405,2025-07-06 10:48:08+00:00,8.03,121.00088,Valenzuela,NCR,"14,001,751",619.54,"21,765"
3S Center Bagbaguin,14.71405,2025-07-06 11:05:07+00:00,9.49,121.00088,Valenzuela,NCR,"14,001,751",619.54,"21,765"
3S Center Bagbaguin,14.71405,2025-07-06 11:22:06+00:00,7.94,121.00088,Valenzuela,NCR,"14,001,751",619.54,"21,765"
3S Center Bagbaguin,14.71405,2025-07-06 11:39:04+00:00,10.22,121.00088,Valenzuela,NCR,"14,001,751",619.54,"21,765"
3S Center Bagbaguin,14.71405,2025-07-06 11:56:06+00:00,6.64,121.00088,Valenzuela,NCR,"14,001,751",619.54,"21,765"
3S Center Bagbaguin,14.71405,2025-07-06 12:13:05+00:00,1.31,121.00088,Valenzuela,NCR,"14,001,751",619.54,"21,765"
3S Center Bagbaguin,14.71405,2025-07-06 12:30:07+00:00,0.21,121.00088,Valenzuela,NCR,"14,001,751",619.54,"21,765"
3S Center Bagbaguin,14.71405,2025-07-06 12:47:06+00:00,4.21,121.00088,Valenzuela,NCR,"14,001,751",619.54,"21,765"
3S Center Bagbaguin,14.71405,2025-07-06 13:04:05+00:00,5.54,121.00088,Valenzuela,NCR,"14,001,751",619.54,"21,765"
3S Center Bagbaguin,14.71405,2025-07-06 13:21:04+00:00,10.19,121.00088,Valenzuela,NCR,"14,001,751",619.54,"21,765"
3S Center Bagbaguin,14.71405,2025-07-06 13:38:03+00:00,8.98,121.00088,Valenzuela,NCR,"14,001,751",619.54,"21,765"
3S Center Bagbaguin,14.71405,2025-07-06 13:55:05+00:00,12.95,121.00088,Valenzuela,NCR,"14,001,751",619.54,"21,765"
3S Center Bagbaguin,14.71405,2025-07-06 15:03:01+00:00,9.59,121.00088,Valenzuela,NCR,"14,001,751",619.54,"21,765"
3S Center Bagbaguin,14.71405,2025-07-06 15:20:00+00:00,6.32,121.00088,Valenzuela,NCR,"14,001,751",619.54,"21,765"
3S Center Bagbaguin,14.71405,2025-07-06 15:36:59+00:00,21.03,121.00088,Valenzuela,NCR,"14,001,751",619.54,"21,765"
3S Center Bagbaguin,14.71405,2025-07-06 15:53:58+00:00,23.85,121.00088,Valenzuela,NCR,"14,001,751",619.54,"21,765"
3S Center Bagbaguin,14.71405,2025-07-06 16:10:57+00:00,12.22,121.00088,Valenzuela,NCR,"14,001,751",619.54,"21,765"
3S Center Bagbaguin,14.71405,2025-07-06 16:27:56+00:00,7.07,121.00088,Valenzuela,NCR,"14,001,751",619.54,"21,765"
3S Center Bagbaguin,14.71405,2025-07-06 16:44:56+00:00,12.08,121.00088,Valenzuela,NCR,"14,001,751",619.54,"21,765"
3S Center Bagbaguin,14.71405,2025-07-06 17:01:55+00:00,10.85,121.00088,Valenzuela,NCR,"14,001,751",619.54,"21,765"
3S Center Bagbaguin,14.71405,2025-07-06 17:18:54+00:00,13.43,121.00088,Valenzuela,NCR,"14,001,751",619.54,"21,765"
3S Center Bagbaguin,14.71405,2025-07-06 17:35:53+00:00,17.87,121.00088,Valenzuela,NCR,"14,001,751",619.54,"21,765"
3S Center Bagbaguin,14.71405,2025-07-06 17:52:52+00:00,10.63,121.00088,Valenzuela,NCR,"14,001,751",619.54,"21,765"
3S Center Bagbaguin,14.71405,2025-07-06 22:58:34+00:00,19.05,121.00088,Valenzuela,NCR,"14,001,751",619.54,"21,765"
3S Center Bagbaguin,14.71405,2025-07-06 23:15:33+00:00,28.38,121.00088,Valenzuela,NCR,"14,001,751",619.54,"21,765"
3S Center Bagbaguin,14.71405,2025-07-06 23:32:32+00:00,50.64,121.00088,Valenzuela,NCR,"14,001,751",619.54,"21,765"
3S Center Bagbaguin,14.71405,2025-07-06 23:49:31+00:00,47.06,121.00088,Valenzuela,NCR,"14,001,751",619.54,"21,765"
3S Center Bagbaguin,14.71405,2025-07-07 00:06:30+00:00,52.6,121.00088,Valenzuela,NCR,"14,001,751",619.54,"21,765"
3S Center Bagbaguin,14.71405,2025-07-07 00:23:28+00:00,36.95,121.00088,Valenzuela,NCR,"14,001,751",619.54,"21,765"
3S Center Bagbaguin,14.71405,2025-07-07 00:40:27+00:00,9.29,121.00088,Valenzuela,NCR,"14,001,751",619.54,"21,765"
3S Center Bagbaguin,14.71405,2025-07-07 00:57:26+00:00,7.7,121.00088,Valenzuela,NCR,"14,001,751",619.54,"21,765"
3S Center Bagbaguin,14.71405,2025-07-07 01:14:25+00:00,6.62,121.00088,Valenzuela,NCR,"14,001,751",619.54,"21,765"
3S Center Bagbaguin,14.71405,2025-07-07 01:31:24+00:00,6.04,121.00088,Valenzuela,NCR,"14,001,751",619.54,"21,765"
3S Center Bagbaguin,14.71405,2025-07-07 01:48:23+00:00,9.97,121.00088,Valenzuela,NCR,"14,001,751",619.54,"21,765"
3S Center Bagbaguin,14.71405,2025-07-07 02:56:17+00:00,7.69,121.00088,Valenzuela,NCR,"14,001,751",619.54,"21,765"
3S Center Bagbaguin,14.71405,2025-07-07 03:13:15+00:00,8.61,121.00088,Valenzuela,NCR,"14,001,751",619.54,"21,765"
3S Center Bagbaguin,14.71405,2025-07-07 03:30:17+00:00,7.68,121.00088,Valenzuela,NCR,"14,001,751",619.54,"21,765"
3S Center Bagbaguin,14.71405,2025-07-07 03:47:15+00:00,5.01,121.00088,Valenzuela,NCR,"14,001,751",619.54,"21,765"
3S Center Bagbaguin,14.71405,2025-07-07 04:04:15+00:00,5.08,121.00088,Valenzuela,NCR,"14,001,751",619.54,"21,765"
3S Center Bagbaguin,14.71405,2025-07-07 04:21:14+00:00,5.2,121.00088,Valenzuela,NCR,"14,001,751",619.54,"21,765"
3S Center Bagbaguin,14.71405,2025-07-07 04:38:13+00:00,8.76,121.00088,Valenzuela,NCR,"14,001,751",619.54,"21,765"
3S Center Bagbaguin,14.71405,2025-07-07 04:55:11+00:00,5.87,121.00088,Valenzuela,NCR,"14,001,751",619.54,"21,765"
3S Center Bagbaguin,14.71405,2025-07-07 08:06:16+00:00,7.52,121.00088,Valenzuela,NCR,"14,001,751",619.54,"21,765"
3S Center Bagbaguin,14.71405,2025-07-07 08:23:15+00:00,7.94,121.00088,Valenzuela,NCR,"14,001,751",619.54,"21,765"
3S Center Bagbaguin,14.71405,2025-07-07 08:40:13+00:00,8.71,121.00088,Valenzuela,NCR,"14,001,751",619.54,"21,765"
3S Center Bagbaguin,14.71405,2025-07-07 08:57:12+00:00,9.62,121.00088,Valenzuela,NCR,"14,001,751",619.54,"21,765"
3S Center Bagbaguin,14.71405,2025-07-07 10:05:08+00:00,9.4,121.00088,Valenzuela,NCR,"14,001,751",619.54,"21,765"
3S Center Bagbaguin,14.71405,2025-07-07 10:22:07+00:00,8.89,121.00088,Valenzuela,NCR,"14,001,751",619.54,"21,765"
3S Center Bagbaguin,14.71405,2025-07-07 10:39:06+00:00,11.7,121.00088,Valenzuela,NCR,"14,001,751",619.54,"21,765"
3S Center Bagbaguin,14.71405,2025-07-07 10:56:05+00:00,13.83,121.00088,Valenzuela,NCR,"14,001,751",619.54,"21,765"
3S Center Bagbaguin,14.71405,2025-07-07 14:02:53+00:00,9.35,121.00088,Valenzuela,NCR,"14,001,751",619.54,"21,765"
3S Center Bagbaguin,14.71405,2025-07-07 14:19:52+00:00,8.3,121.00088,Valenzuela,NCR,"14,001,751",619.54,"21,765"
3S Center Bagbaguin,14.71405,2025-07-07 14:36:51+00:00,10.9,121.00088,Valenzuela,NCR,"14,001,751",619.54,"21,765"
3S Center Bagbaguin,14.71405,2025-07-07 14:53:50+00:00,10.66,121.00088,Valenzuela,NCR,"14,001,751",619.54,"21,765"
3S Center Bagbaguin,14.71405,2025-07-07 15:10:49+00:00,13.85,121.00088,Valenzuela,NCR,"14,001,751",619.54,"21,765"
3S Center Bagbaguin,14.71405,2025-07-07 15:27:48+00:00,12.54,121.00088,Valenzuela,NCR,"14,001,751",619.54,"21,765"
3S Center Bagbaguin,14.71405,2025-07-07 15:44:49+00:00,11.1,121.00088,Valenzuela,NCR,"14,001,751",619.54,"21,765"
3S Center Bagbaguin,14.71405,2025-07-07 16:01:48+00:00,8.71,121.00088,Valenzuela,NCR,"14,001,751",619.54,"21,765"
3S Center Bagbaguin,14.71405,2025-07-07 16:18:47+00:00,7.75,121.00088,Valenzuela,NCR,"14,001,751",619.54,"21,765"
3S Center Bagbaguin,14.71405,2025-07-07 16:35:46+00:00,10.82,121.00088,Valenzuela,NCR,"14,001,751",619.54,"21,765"
3S Center Bagbaguin,14.71405,2025-07-07 16:52:45+00:00,15.14,121.00088,Valenzuela,NCR,"14,001,751",619.54,"21,765"
3S Center Bagbaguin,14.71405,2025-07-07 23:10:25+00:00,9.03,121.00088,Valenzuela,NCR,"14,001,751",619.54,"21,765"
3S Center Bagbaguin,14.71405,2025-07-07 23:27:24+00:00,11.39,121.00088,Valenzuela,NCR,"14,001,751",619.54,"21,765"
3S Center Bagbaguin,14.71405,2025-07-07 23:44:23+00:00,14.74,121.00088,Valenzuela,NCR,"14,001,751",619.54,"21,765"
3S Center Bagbaguin,14.71405,2025-07-08 00:01:22+00:00,9.31,121.00088,Valenzuela,NCR,"14,001,751",619.54,"21,765"
3S Center Bagbaguin,14.71405,2025-07-08 02:00:14+00:00,6.8,121.00088,Valenzuela,NCR,"14,001,751",619.54,"21,765"
3S Center Bagbaguin,14.71405,2025-07-08 02:17:16+00:00,8.34,121.00088,Valenzuela,NCR,"14,001,751",619.54,"21,765"
3S Center Bagbaguin,14.71405,2025-07-08 02:34:15+00:00,10.29,121.00088,Valenzuela,NCR,"14,001,751",619.54,"21,765"
3S Center Bagbaguin,14.71405,2025-07-08 02:51:14+00:00,8.09,121.00088,Valenzuela,NCR,"14,001,751",619.54,"21,765"
3S Center Bagbaguin,14.71405,2025-07-08 03:08:20+00:00,6.29,121.00088,Valenzuela,NCR,"14,001,751",619.54,"21,765"
3S Center Bagbaguin,14.71405,2025-07-08 03:25:19+00:00,5.58,121.00088,Valenzuela,NCR,"14,001,751",619.54,"21,765"
3S Center Bagbaguin,14.71405,2025-07-08 03:42:18+00:00,8.91,121.00088,Valenzuela,NCR,"14,001,751",619.54,"21,765"
3S Center Bagbaguin,14.71405,2025-07-08 03:59:17+00:00,8.23,121.00088,Valenzuela,NCR,"14,001,751",619.54,"21,765"
3S Center Bagbaguin,14.71405,2025-07-08 04:16:15+00:00,6.14,121.00088,Valenzuela,NCR,"14,001,751",619.54,"21,765"
3S Center Bagbaguin,14.71405,2025-07-08 04:33:14+00:00,6.25,121.00088,Valenzuela,NCR,"14,001,751",619.54,"21,765"
3S Center Bagbaguin,14.71405,2025-07-08 04:50:13+00:00,8.26,121.00088,Valenzuela,NCR,"14,001,751",619.54,"21,765"
3S Center Bagbaguin,14.71405,2025-07-08 05:58:09+00:00,5.64,121.00088,Valenzuela,NCR,"14,001,751",619.54,"21,765"
3S Center Bagbaguin,14.71405,2025-07-08 06:15:08+00:00,8.68,121.00088,Valenzuela,NCR,"14,001,751",619.54,"21,765"
3S Center Bagbaguin,14.71405,2025-07-08 06:32:10+00:00,25.43,121.00088,Valenzuela,NCR,"14,001,751",619.54,"21,765"
3S Center Bagbaguin,14.71405,2025-07-08 06:49:12+00:00,8.96,121.00088,Valenzuela,NCR,"14,001,751",619.54,"21,765"
3S Center Bagbaguin,14.71405,2025-07-08 07:57:08+00:00,7.35,121.00088,Valenzuela,NCR,"14,001,751",619.54,"21,765"
3S Center Bagbaguin,14.71405,2025-07-08 08:14:06+00:00,10.42,121.00088,Valenzuela,NCR,"14,001,751",619.54,"21,765"
3S Center Bagbaguin,14.71405,2025-07-08 08:31:05+00:00,7.82,121.00088,Valenzuela,NCR,"14,001,751",619.54,"21,765"
3S Center Bagbaguin,14.71405,2025-07-08 08:48:04+00:00,7.88,121.00088,Valenzuela,NCR,"14,001,751",619.54,"21,765"
3S Center Bagbaguin,14.71405,2025-07-08 11:55:07+00:00,21.5,121.00088,Valenzuela,NCR,"14,001,751",619.54,"21,765"
3S Center Bagbaguin,14.71405,2025-07-08 12:12:12+00:00,23.23,121.00088,Valenzuela,NCR,"14,001,751",619.54,"21,765"
3S Center Bagbaguin,14.71405,2025-07-08 12:29:11+00:00,49.18,121.00088,Valenzuela,NCR,"14,001,751",619.54,"21,765"
3S Center Bagbaguin,14.71405,2025-07-08 12:46:10+00:00,13.1,121.00088,Valenzuela,NCR,"14,001,751",619.54,"21,765"
3S Center Bagbaguin,14.71405,2025-07-08 13:03:09+00:00,7.41,121.00088,Valenzuela,NCR,"14,001,751",619.54,"21,765"
3S Center Bagbaguin,14.71405,2025-07-08 13:20:08+00:00,8.28,121.00088,Valenzuela,NCR,"14,001,751",619.54,"21,765"
3S Center Bagbaguin,14.71405,2025-07-08 13:37:07+00:00,17.55,121.00088,Valenzuela,NCR,"14,001,751",619.54,"21,765"
3S Center Bagbaguin,14.71405,2025-07-08 13:54:06+00:00,12.97,121.00088,Valenzuela,NCR,"14,001,751",619.54,"21,765"
3S Center Bagbaguin,14.71405,2025-07-08 15:02:05+00:00,1.96,121.00088,Valenzuela,NCR,"14,001,751",619.54,"21,765"
3S Center Bagbaguin,14.71405,2025-07-08 15:19:04+00:00,1.69,121.00088,Valenzuela,NCR,"14,001,751",619.54,"21,765"
3S Center Bagbaguin,14.71405,2025-07-08 15:36:07+00:00,2.11,121.00088,Valenzuela,NCR,"14,001,751",619.54,"21,765"
3S Center Bagbaguin,14.71405,2025-07-08 15:53:09+00:00,2.19,121.00088,Valenzuela,NCR,"14,001,751",619.54,"21,765"
3S Center Bagbaguin,14.71405,2025-07-08 20:07:59+00:00,13.9,121.00088,Valenzuela,NCR,"14,001,751",619.54,"21,765"
3S Center Bagbaguin,14.71405,2025-07-08 20:24:58+00:00,5.19,121.00088,Valenzuela,NCR,"14,001,751",619.54,"21,765"
3S Center Bagbaguin,14.71405,2025-07-08 20:41:57+00:00,7.52,121.00088,Valenzuela,NCR,"14,001,751",619.54,"21,765"
3S Center Bagbaguin,14.71405,2025-07-08 20:58:56+00:00,19.32,121.00088,Valenzuela,NCR,"14,001,751",619.54,"21,765"
3S Center Bagbaguin,14.71405,2025-07-08 22:57:50+00:00,22.87,121.00088,Valenzuela,NCR,"14,001,751",619.54,"21,765"
3S Center Bagbaguin,14.71405,2025-07-08 23:14:48+00:00,28.04,121.00088,Valenzuela,NCR,"14,001,751",619.54,"21,765"
3S Center Bagbaguin,14.71405,2025-07-08 23:31:47+00:00,22.46,121.00088,Valenzuela,NCR,"14,001,751",619.54,"21,765"
3S Center Bagbaguin,14.71405,2025-07-08 23:48:46+00:00,29.69,121.00088,Valenzuela,NCR,"14,001,751",619.54,"21,765"
3S Center Bagbaguin,14.71405,2025-07-09 00:05:46+00:00,21.22,121.00088,Valenzuela,NCR,"14,001,751",619.54,"21,765"
3S Center Bagbaguin,14.71405,2025-07-09 00:22:45+00:00,20.28,121.00088,Valenzuela,NCR,"14,001,751",619.54,"21,765"
3S Center Bagbaguin,14.71405,2025-07-09 00:39:44+00:00,19.27,121.00088,Valenzuela,NCR,"14,001,751",619.54,"21,765"
3S Center Bagbaguin,14.71405,2025-07-09 00:56:43+00:00,23.15,121.00088,Valenzuela,NCR,"14,001,751",619.54,"21,765"
3S Center Bagbaguin,14.71405,2025-07-09 01:13:41+00:00,13.85,121.00088,Valenzuela,NCR,"14,001,751",619.54,"21,765"
3S Center Bagbaguin,14.71405,2025-07-09 01:30:40+00:00,13.47,121.00088,Valenzuela,NCR,"14,001,751",619.54,"21,765"
3S Center Bagbaguin,14.71405,2025-07-09 01:47:39+00:00,12.23,121.00088,Valenzuela,NCR,"14,001,751",619.54,"21,765"
3S Center Bagbaguin,14.71405,2025-07-09 02:55:34+00:00,11.5,121.00088,Valenzuela,NCR,"14,001,751",619.54,"21,765"
3S Center Bagbaguin,14.71405,2025-07-09 03:12:33+00:00,8.85,121.00088,Valenzuela,NCR,"14,001,751",619.54,"21,765"
3S Center Bagbaguin,14.71405,2025-07-09 03:29:32+00:00,8.35,121.00088,Valenzuela,NCR,"14,001,751",619.54,"21,765"
3S Center Bagbaguin,14.71405,2025-07-09 03:46:30+00:00,7.85,121.00088,Valenzuela,NCR,"14,001,751",619.54,"21,765"
3S Center Bagbaguin,14.71405,2025-07-09 06:06:38+00:00,28.4,121.00088,Valenzuela,NCR,"14,001,751",619.54,"21,765"
3S Center Bagbaguin,14.71405,2025-07-09 06:23:37+00:00,44.39,121.00088,Valenzuela,NCR,"14,001,751",619.54,"21,765"
3S Center Bagbaguin,14.71405,2025-07-09 06:40:40+00:00,56.36,121.00088,Valenzuela,NCR,"14,001,751",619.54,"21,765"
3S Center Bagbaguin,14.71405,2025-07-09 06:57:39+00:00,54.76,121.00088,Valenzuela,NCR,"14,001,751",619.54,"21,765"
3S Center Bagbaguin,14.71405,2025-07-09 10:04:30+00:00,19.72,121.00088,Valenzuela,NCR,"14,001,751",619.54,"21,765"
3S Center Bagbaguin,14.71405,2025-07-09 10:21:28+00:00,19.04,121.00088,Valenzuela,NCR,"14,001,751",619.54,"21,765"
3S Center Bagbaguin,14.71405,2025-07-09 10:38:27+00:00,19.06,121.00088,Valenzuela,NCR,"14,001,751",619.54,"21,765"
3S Center Bagbaguin,14.71405,2025-07-09 10:55:26+00:00,16.09,121.00088,Valenzuela,NCR,"14,001,751",619.54,"21,765"
3S Center Bagbaguin,14.71405,2025-07-09 11:12:25+00:00,16.6,121.00088,Valenzuela,NCR,"14,001,751",619.54,"21,765"
3S Center Bagbaguin,14.71405,2025-07-09 11:29:24+00:00,18.24,121.00088,Valenzuela,NCR,"14,001,751",619.54,"21,765"
3S Center Bagbaguin,14.71405,2025-07-09 11:46:23+00:00,20.58,121.00088,Valenzuela,NCR,"14,001,751",619.54,"21,765"
3S Center Bagbaguin,14.71405,2025-07-09 14:02:15+00:00,9.09,121.00088,Valenzuela,NCR,"14,001,751",619.54,"21,765"
3S Center Bagbaguin,14.71405,2025-07-09 14:19:14+00:00,10.66,121.00088,Valenzuela,NCR,"14,001,751",619.54,"21,765"
3S Center Bagbaguin,14.71405,2025-07-09 14:36:13+00:00,11.03,121.00088,Valenzuela,NCR,"14,001,751",619.54,"21,765"
3S Center Bagbaguin,14.71405,2025-07-09 14:53:12+00:00,11.78,121.00088,Valenzuela,NCR,"14,001,751",619.54,"21,765"
3S Center Bagbaguin,14.71405,2025-07-09 15:10:11+00:00,10.19,121.00088,Valenzuela,NCR,"14,001,751",619.54,"21,765"
3S Center Bagbaguin,14.71405,2025-07-09 15:27:09+00:00,4.15,121.00088,Valenzuela,NCR,"14,001,751",619.54,"21,765"
3S Center Bagbaguin,14.71405,2025-07-09 15:44:08+00:00,3.05,121.00088,Valenzuela,NCR,"14,001,751",619.54,"21,765"
3S Center Bagbaguin,14.71405,2025-07-09 16:01:07+00:00,6.1,121.00088,Valenzuela,NCR,"14,001,751",619.54,"21,765"
3S Center Bagbaguin,14.71405,2025-07-09 17:09:03+00:00,23.22,121.00088,Valenzuela,NCR,"14,001,751",619.54,"21,765"
3S Center Bagbaguin,14.71405,2025-07-09 17:26:02+00:00,15.57,121.00088,Valenzuela,NCR,"14,001,751",619.54,"21,765"
3S Center Bagbaguin,14.71405,2025-07-09 17:43:02+00:00,26.55,121.00088,Valenzuela,NCR,"14,001,751",619.54,"21,765"
3S Center Bagbaguin,14.71405,2025-07-09 18:00:01+00:00,17.55,121.00088,Valenzuela,NCR,"14,001,751",619.54,"21,765"
3S Center Bagbaguin,14.71405,2025-07-09 18:17:00+00:00,16.96,121.00088,Valenzuela,NCR,"14,001,751",619.54,"21,765"
3S Center Bagbaguin,14.71405,2025-07-09 18:34:02+00:00,0.0,121.00088,Valenzuela,NCR,"14,001,751",619.54,"21,765"
3S Center Bagbaguin,14.71405,2025-07-09 18:51:01+00:00,1.15,121.00088,Valenzuela,NCR,"14,001,751",619.54,"21,765"
3S Center Bagbaguin,14.71405,2025-07-09 19:08:00+00:00,0.0,121.00088,Valenzuela,NCR,"14,001,751",619.54,"21,765"
3S Center Bagbaguin,14.71405,2025-07-09 19:24:59+00:00,5.56,121.00088,Valenzuela,NCR,"14,001,751",619.54,"21,765"
3S Center Bagbaguin,14.71405,2025-07-09 19:41:58+00:00,21.22,121.00088,Valenzuela,NCR,"14,001,751",619.54,"21,765"
3S Center Bagbaguin,14.71405,2025-07-09 19:58:57+00:00,12.74,121.00088,Valenzuela,NCR,"14,001,751",619.54,"21,765"
3S Center Bagbaguin,14.71405,2025-07-09 20:15:56+00:00,14.18,121.00088,Valenzuela,NCR,"14,001,751",619.54,"21,765"
3S Center Bagbaguin,14.71405,2025-07-09 20:32:55+00:00,14.46,121.00088,Valenzuela,NCR,"14,001,751",619.54,"21,765"
3S Center Bagbaguin,14.71405,2025-07-09 20:49:55+00:00,25.5,121.00088,Valenzuela,NCR,"14,001,751",619.54,"21,765"
3S Center Bagbaguin,14.71405,2025-07-09 21:57:51+00:00,20.15,121.00088,Valenzuela,NCR,"14,001,751",619.54,"21,765"
3S Center Bagbaguin,14.71405,2025-07-09 22:14:50+00:00,12.83,121.00088,Valenzuela,NCR,"14,001,751",619.54,"21,765"
3S Center Bagbaguin,14.71405,2025-07-09 22:31:49+00:00,7.78,121.00088,Valenzuela,NCR,"14,001,751",619.54,"21,765"
3S Center Bagbaguin,14.71405,2025-07-09 22:48:48+00:00,6.97,121.00088,Valenzuela,NCR,"14,001,751",619.54,"21,765"
3S Center Bagbaguin,14.71405,2025-07-09 23:05:47+00:00,8.99,121.00088,Valenzuela,NCR,"14,001,751",619.54,"21,765"
3S Center Bagbaguin,14.71405,2025-07-09 23:22:46+00:00,8.0,121.00088,Valenzuela,NCR,"14,001,751",619.54,"21,765"
3S Center Bagbaguin,14.71405,2025-07-09 23:39:45+00:00,11.93,121.00088,Valenzuela,NCR,"14,001,751",619.54,"21,765"
3S Center Bagbaguin,14.71405,2025-07-09 23:56:44+00:00,13.99,121.00088,Valenzuela,NCR,"14,001,751",619.54,"21,765"
3S Center Bagbaguin,14.71405,2025-07-10 00:13:42+00:00,3.95,121.00088,Valenzuela,NCR,"14,001,751",619.54,"21,765"
3S Center Bagbaguin,14.71405,2025-07-10 00:30:41+00:00,10.38,121.00088,Valenzuela,NCR,"14,001,751",619.54,"21,765"
3S Center Bagbaguin,14.71405,2025-07-10 00:47:40+00:00,4.8,121.00088,Valenzuela,NCR,"14,001,751",619.54,"21,765"
3S Center Bagbaguin,14.71405,2025-07-10 01:04:39+00:00,5.42,121.00088,Valenzuela,NCR,"14,001,751",619.54,"21,765"
3S Center Bagbaguin,14.71405,2025-07-10 01:21:38+00:00,5.41,121.00088,Valenzuela,NCR,"14,001,751",619.54,"21,765"
3S Center Bagbaguin,14.71405,2025-07-10 01:38:36+00:00,5.09,121.00088,Valenzuela,NCR,"14,001,751",619.54,"21,765"
3S Center Bagbaguin,14.71405,2025-07-10 01:55:35+00:00,4.69,121.00088,Valenzuela,NCR,"14,001,751",619.54,"21,765"
3S Center Bagbaguin,14.71405,2025-07-10 02:12:34+00:00,3.94,121.00088,Valenzuela,NCR,"14,001,751",619.54,"21,765"
3S Center Bagbaguin,14.71405,2025-07-10 02:29:32+00:00,4.81,121.00088,Valenzuela,NCR,"14,001,751",619.54,"21,765"
3S Center Bagbaguin,14.71405,2025-07-10 02:46:31+00:00,5.72,121.00088,Valenzuela,NCR,"14,001,751",619.54,"21,765"
3S Center Bagbaguin,14.71405,2025-07-10 03:03:32+00:00,4.62,121.00088,Valenzuela,NCR,"14,001,751",619.54,"21,765"
3S Center Bagbaguin,14.71405,2025-07-10 03:20:31+00:00,6.88,121.00088,Valenzuela,NCR,"14,001,751",619.54,"21,765"
3S Center Bagbaguin,14.71405,2025-07-10 03:37:33+00:00,7.38,121.00088,Valenzuela,NCR,"14,001,751",619.54,"21,765"
3S Center Bagbaguin,14.71405,2025-07-10 03:54:34+00:00,8.89,121.00088,Valenzuela,NCR,"14,001,751",619.54,"21,765"
3S Center Bagbaguin,14.71405,2025-07-10 04:11:33+00:00,3.6,121.00088,Valenzuela,NCR,"14,001,751",619.54,"21,765"
3S Center Bagbaguin,14.71405,2025-07-10 04:28:31+00:00,4.39,121.00088,Valenzuela,NCR,"14,001,751",619.54,"21,765"
3S Center Bagbaguin,14.71405,2025-07-10 04:45:30+00:00,4.26,121.00088,Valenzuela,NCR,"14,001,751",619.54,"21,765"
3S Center Bagbaguin,14.71405,2025-07-10 05:02:28+00:00,3.99,121.00088,Valenzuela,NCR,"14,001,751",619.54,"21,765"
3S Center Bagbaguin,14.71405,2025-07-10 05:19:33+00:00,5.44,121.00088,Valenzuela,NCR,"14,001,751",619.54,"21,765"
3S Center Bagbaguin,14.71405,2025-07-10 05:36:34+00:00,4.56,121.00088,Valenzuela,NCR,"14,001,751",619.54,"21,765"
3S Center Bagbaguin,14.71405,2025-07-10 05:53:33+00:00,4.71,121.00088,Valenzuela,NCR,"14,001,751",619.54,"21,765"
3S Center Bagbaguin,14.71405,2025-07-10 06:10:32+00:00,5.45,121.00088,Valenzuela,NCR,"14,001,751",619.54,"21,765"
3S Center Bagbaguin,14.71405,2025-07-10 06:27:30+00:00,4.39,121.00088,Valenzuela,NCR,"14,001,751",619.54,"21,765"
3S Center Bagbaguin,14.71405,2025-07-10 06:44:28+00:00,5.59,121.00088,Valenzuela,NCR,"14,001,751",619.54,"21,765"
3S Center Bagbaguin,14.71405,2025-07-10 07:01:27+00:00,6.1,121.00088,Valenzuela,NCR,"14,001,751",619.54,"21,765"
3S Center Bagbaguin,14.71405,2025-07-10 07:18:26+00:00,8.66,121.00088,Valenzuela,NCR,"14,001,751",619.54,"21,765"
3S Center Bagbaguin,14.71405,2025-07-10 07:35:24+00:00,4.59,121.00088,Valenzuela,NCR,"14,001,751",619.54,"21,765"
3S Center Bagbaguin,14.71405,2025-07-10 07:52:23+00:00,3.66,121.00088,Valenzuela,NCR,"14,001,751",619.54,"21,765"
3S Center Bagbaguin,14.71405,2025-07-10 08:09:21+00:00,6.66,121.00088,Valenzuela,NCR,"14,001,751",619.54,"21,765"
3S Center Bagbaguin,14.71405,2025-07-10 08:26:21+00:00,6.58,121.00088,Valenzuela,NCR,"14,001,751",619.54,"21,765"
3S Center Bagbaguin,14.71405,2025-07-10 08:43:23+00:00,6.62,121.00088,Valenzuela,NCR,"14,001,751",619.54,"21,765"
3S Center Bagbaguin,14.71405,2025-07-10 09:00:22+00:00,4.09,121.00088,Valenzuela,NCR,"14,001,751",619.54,"21,765"
3S Center Bagbaguin,14.71405,2025-07-10 09:17:21+00:00,7.28,121.00088,Valenzuela,NCR,"14,001,751",619.54,"21,765"
3S Center Bagbaguin,14.71405,2025-07-10 09:34:39+00:00,6.2,121.00088,Valenzuela,NCR,"14,001,751",619.54,"21,765"
3S Center Bagbaguin,14.71405,2025-07-10 09:51:38+00:00,10.0,121.00088,Valenzuela,NCR,"14,001,751",619.54,"21,765"
3S Center Bagbaguin,14.71405,2025-07-10 10:08:40+00:00,9.32,121.00088,Valenzuela,NCR,"14,001,751",619.54,"21,765"
3S Center Bagbaguin,14.71405,2025-07-10 10:25:42+00:00,5.13,121.00088,Valenzuela,NCR,"14,001,751",619.54,"21,765"
3S Center Bagbaguin,14.71405,2025-07-10 10:42:41+00:00,14.91,121.00088,Valenzuela,NCR,"14,001,751",619.54,"21,765"
3S Center Bagbaguin,14.71405,2025-07-10 10:59:44+00:00,10.08,121.00088,Valenzuela,NCR,"14,001,751",619.54,"21,765"
3S Center Bagbaguin,14.71405,2025-07-10 11:16:45+00:00,13.03,121.00088,Valenzuela,NCR,"14,001,751",619.54,"21,765"
3S Center Bagbaguin,14.71405,2025-07-10 11:33:43+00:00,12.68,121.00088,Valenzuela,NCR,"14,001,751",619.54,"21,765"
3S Center Bagbaguin,14.71405,2025-07-10 11:50:46+00:00,15.25,121.00088,Valenzuela,NCR,"14,001,751",619.54,"21,765"
3S Center Bagbaguin,14.71405,2025-07-10 12:07:45+00:00,17.09,121.00088,Valenzuela,NCR,"14,001,751",619.54,"21,765"
3S Center Bagbaguin,14.71405,2025-07-10 12:24:44+00:00,16.05,121.00088,Valenzuela,NCR,"14,001,751",619.54,"21,765"
3S Center Bagbaguin,14.71405,2025-07-10 12:41:43+00:00,10.39,121.00088,Valenzuela,NCR,"14,001,751",619.54,"21,765"
3S Center Bagbaguin,14.71405,2025-07-10 12:58:45+00:00,11.93,121.00088,Valenzuela,NCR,"14,001,751",619.54,"21,765"
3S Center Bagbaguin,14.71405,2025-07-10 13:15:44+00:00,47.75,121.00088,Valenzuela,NCR,"14,001,751",619.54,"21,765"
